{
  "ammo_id": "/pa/units/orbital/defense_satellite/defense_satellite_ammo.json",
  "auto_attack": true,
  "base_spec": "/pa/tools/base_laser_turret/base_laser_turret.json",
  "max_range": 150,
  "pitch_range": 180,
  "pitch_rate": 720,
  "rate_of_fire": 1,
  "target_layers": [
    "WL_Orbital",
    "WL_Air",
    "WL_LandHorizontal",
    "WL_WaterSurface"
  ],
  "target_priorities": [
    "Orbital",
    "Structure - Wall",
    "Mobile"
  ],
  "yaw_range": 180,
  "yaw_rate": 720
}