{
  "base_spec": "/pa/ammo/base_missiles/base_missile.json",
  "damage": 200,
  "events": {
    "spawned": {
      "audio_cue": "/SE/Weapons/commander/Commander_gun_fire"
    }
  },
  "flight_type": "Ballistic",
  "fx_trail": {
    "filename": "/pa/effects/specs/rocket_proj_trail.pfx",
    "offset": [
      0.0,
      0.8,
      0.0
    ]
  },
  "initial_velocity": 125.0,
  "lifetime": 2,
  "max_velocity": 125.0,
  "model": {
    "arrows": 3,
    "filename": "/pa/units/air/missile/missile.papa"
  },
  "physics": {
    "add_to_spatial_db": false,
    "gravity_scalar": 1,
    "ignore_gravity": false,
    "push_class": 1,
    "radius": 1
  },
  "splash_damage": 50,
  "splash_radius": 3,
  "turn_rate": 180
}