{"display_name":"Base Vehicle","description":"Base Vehicle Description - If you're seeing this, something is wrong in your vehicle.","display_group":99,"display_index":99,"max_health":1,"build_metal_cost":1,"armor_type":"AT_Vehicle","unit_types":["UNITTYPE_Tank","UNITTYPE_Mobile","UNITTYPE_Land","UNITTYPE_NoBuild"],"command_caps":["ORDER_Move","ORDER_Patrol","ORDER_Attack","ORDER_Assist","ORDER_Use"],"navigation":{"type":"land-small","acceleration":1,"brake":1,"move_speed":1,"turn_speed":1,"dodge_radius":15,"dodge_multiplier":1.0,"wobble_factor":0.1,"wobble_speed":0.2},"physics":{"radius":1,"push_class":2,"air_friction":1.0},"recon":{"observer":{"items":[{"layer":"surface_and_air","channel":"sight","shape":"capsule","radius":100}]}},"teleportable":{},"events":{"build_complete":{"audio_cue":"/SE/Build_Complete/veh"},"firing":{"audio_cue":"/SE/Weapons/base/base_fire_laser","effect_spec":"/pa/effects/specs/default_muzzle_flash.pfx socket_muzzle"},"died":{"audio_cue":"/SE/Death/Veh","effect_spec":"/pa/effects/specs/default_explosion.pfx"}},"audio":{"loops":{"move":{"cue":"/SE/Movement/veh/aa_missile_vehicle_loop","flag":"vel_changed","should_start_func":"is_moving","should_stop_func":"is_not_moving"}}},"death":{"decals":["/pa/effects/specs/scorch_a_01.json"]},"TEMP_texelinfo":1.0}