{
  "TEMP_texelinfo": 62.1789,
  "area_build_separation": 7,
  "audio": {
    "loops": {
      "build": {
        "cue": "/SE/Construction/Factory_contruction_loop_unit_cannon",
        "flag": "build_target_changed",
        "should_start_func": "has_build_target",
        "should_stop_func": "no_build_target"
      }
    },
    "selection_response": {
      "cue": "/SE/Selection/structure/unit_cannon"
    }
  },
  "base_spec": "/pa/units/land/base_structure/base_structure.json",
  "build_metal_cost": 6000,
  "buildable_types": "Bot & Mobile & FactoryBuild",
  "command_caps": [
    "ORDER_FactoryBuild",
    "ORDER_Attack"
  ],
  "description": "!LOC(units:unit_cannon_long_range_unit_dispersal.message):Unit Cannon: Long range unit dispersal",
  "display_name": "!LOC(units:unit_cannon.message):Unit Cannon",
  "events": {
    "build_complete": {
      "audio_cue": "/SE/Build_Complete/unit_cannon "
    },
    "died": {
      "audio_cue": "/SE/Death/unit_cannon"
    },
    "fired": {
      "audio_cue": "/SE/Weapons/structure/unit_cannon_fire",
      "effect_spec": "/pa/units/land/unit_cannon/unit_cannon_fire.pfx bone_recoil02"
    }
  },
  "factory": {
    "deploy_projectile": "/pa/units/land/unit_cannon/unit_cannon_deploy.json",
    "hide_deploy_projectile": true,
    "hide_stored_units": true,
    "spawn_points": [
      "socket_build",
      "socket_build",
      "socket_build",
      "socket_build",
      "socket_build",
      "socket_build",
      "socket_build",
      "socket_build",
      "socket_build",
      "socket_build",
      "socket_build",
      "socket_build",
      "socket_build",
      "socket_build",
      "socket_build",
      "socket_build",
      "socket_build",
      "socket_build",
      "socket_build",
      "socket_build"
    ],
    "store_units": true
  },
  "factory_cooldown_time": 3.0,
  "fx_offsets": [
    {
      "bone": "bone_buildSpray01",
      "filename": "/pa/effects/specs/fab_spray.pfx",
      "offset": [
        0.25,
        0,
        1.25
      ],
      "orientation": [
        0,
        90,
        90
      ],
      "type": "build"
    },
    {
      "bone": "bone_buildSpray02",
      "filename": "/pa/effects/specs/fab_spray.pfx",
      "offset": [
        0.25,
        0,
        1.25
      ],
      "orientation": [
        0,
        90,
        90
      ],
      "type": "build"
    },
    {
      "bone": "bone_recoil02",
      "filename": "/pa/units/land/unit_cannon/unit_cannon_idle.pfx",
      "offset": [
        0,
        0,
        0
      ],
      "type": "energy"
    }
  ],
  "max_health": 3000,
  "mesh_bounds": [
    50,
    50,
    30
  ],
  "model": {
    "animations": {
      "aim_up": "/pa/units/land/unit_cannon/unit_cannon_anim_aimUp.papa",
      "build": "/pa/units/land/unit_cannon/unit_cannon_anim_build.papa",
      "end": "/pa/units/land/unit_cannon/unit_cannon_anim_end.papa",
      "start": "/pa/units/land/unit_cannon/unit_cannon_anim_start.papa"
    },
    "animtree": "/pa/anim/anim_trees/unit_cannon_anim_tree.json",
    "filename": "/pa/units/land/unit_cannon/unit_cannon.papa"
  },
  "placement_size": [
    50,
    50
  ],
  "spawn_layers": "WL_AnyHorizontalGroundOrWaterSurface",
  "tools": [
    {
      "aim_bone": "bone_turret",
      "muzzle_bone": "socket_muzzle",
      "record_index": 0,
      "spec_id": "/pa/units/land/unit_cannon/unit_cannon_tool_weapon.json"
    },
    {
      "aim_bone": "bone_root",
      "record_index": 1,
      "spec_id": "/pa/units/land/unit_cannon/unit_cannon_build_arm.json"
    }
  ],
  "unit_types": [
    "UNITTYPE_Structure",
    "UNITTYPE_Factory",
    "UNITTYPE_Advanced",
    "UNITTYPE_FabAdvBuild",
    "UNITTYPE_Important"
  ],
  "wait_to_rolloff_time": 3.0
}