{
  "ammo_type": "AMMO_Projectile",
  "attachable": {
    "default_attach_bone": "bone_root",
    "offsets": {
      "root": [
        0,
        0,
        0
      ]
    }
  },
  "audio_loop": "/SE/Movement/missile/unit_cannon_missile_fly_loop",
  "build_metal_cost": 1,
  "collision_check": "ground",
  "cruise_height": 300,
  "damage": 0,
  "events": {
    "collided": {
      "audio_cue": "/SE/Impacts/missile_seeking",
      "effect_scale": 0.3,
      "effect_spec": "/pa/units/air/missile_nuke/missile_nuke_implosion.pfx",
      "effect_world_aligned": false
    },
    "died": {
      "audio_cue": "/SE/Impacts/unit_cannon_unit_impact",
      "effect_spec": "/pa/units/air/unit_shell/unit_shell_deploy.pfx"
    }
  },
  "flight_type": "Staged",
  "fx_trail": {
    "filename": "/pa/units/air/unit_shell/unit_shell_trail.pfx"
  },
  "gravwell_velocity_multiplier": 10.0,
  "influence_radius": 400,
  "initial_velocity": 150.0,
  "interplanetary_type": "INTER_GravWELL",
  "lifetime": 0,
  "max_velocity": 150.0,
  "model": {
    "filename": "/pa/units/air/unit_shell/unit_shell.papa"
  },
  "physics": {
    "add_to_spatial_db": true,
    "allow_underground": true,
    "gravity_scalar": 3,
    "ignore_gravity": true,
    "push_class": 1,
    "radius": 10
  },
  "show_in_orbital_layer": true,
  "show_strategic_icon": true,
  "splash_damage": 0,
  "splash_damages_allies": "false",
  "splash_radius": 0,
  "stage_on_planet_handoff": 2,
  "stages": [
    {
      "ignores_LOS": true,
      "ignores_gravity": true,
      "rotates_to_velocity": true,
      "stage_change_height": 300,
      "stage_duration": 0,
      "stage_turn_rate": 0
    },
    {
      "ignores_LOS": true,
      "ignores_gravity": true,
      "rotates_to_velocity": true,
      "stage_change_range": 150,
      "stage_duration": 0,
      "stage_turn_rate": 90
    },
    {
      "ignores_LOS": false,
      "ignores_gravity": false,
      "release_payload_on_impact": true,
      "rotates_to_velocity": true,
      "stage_turn_rate": 90
    }
  ],
  "system_velocity_multiplier": 20.0,
  "transporter": {
    "capacity": 1,
    "transportable_attach_offset": "root",
    "transporter_attach_bone": "bone_root"
  },
  "turn_rate": 90
}