{
    "base_spec": "/pa/units/commanders/imperial_base_uber/imperial_base.json",
    "display_name": "Gamma Commander",
    "description": "Imperial Gamma Commander",
    "attachable": {
        "offsets": {
            "root": [
                0,
                0,
                0
            ],
            "head": [
                0,
                0,
                12.2
            ]
        }
    },
    "model": {
        "filename": "/pa/units/commanders/imperial_gamma/imperial_gamma.papa"
    },
    "headlights": [
        {
            "gobo": "/pa/effects/textures/gobo/spotlight_gobo.papa",
            "offset": [
                0,
                -1.5,
                2.2
            ],
            "orientation": [
                0,
                45,
                0
            ],
            "near_width": 5,
            "near_height": 5,
            "near_distance": 3,
            "far_distance": 30,
            "color": [
                1,
                1,
                1
            ],
            "intensity": 6,
            "bone": "bone_spine",
            "shadow_resolution": 128
        }
    ],
    "lamps": [
        {
            "offset": [
                0,
                -1.5,
                2.2
            ],
            "radius": 2,
            "color": [
                1,
                1,
                1
            ],
            "intensity": 5,
            "bone": "bone_spine"
        },
        {
            "offset": [
                0.07,
                -3.85,
                0.2
            ],
            "radius": 4,
            "color": [
                0.4,
                1,
                0.01
            ],
            "intensity": 2,
            "bone": "bone_leftElbow"
        }
    ],
    "mesh_bounds": [
        12.6,
        6,
        15.6193
    ]
}
