{
  "TEMP_texelinfo": 26.4567,
  "area_build_type": "Sphere",
  "atrophy_cool_down": 30.0,
  "atrophy_rate": 50.0,
  "base_spec": "/pa/units/land/base_structure/base_structure.json",
  "build_metal_cost": 450,
  "description": "Energy: Increases maximum energy storage capacity",
  "display_group": 80,
  "display_index": 30,
  "display_name": "Energy Storage",
  "events": {
    "build_complete": {
      "audio_cue": "/SE/Build_Complete/energy"
    },
    "died": {
      "audio_cue": "/SE/Death/Factory",
      "effect_scale": 0.5
    }
  },
  "headlights": [
    {
      "color": [
        1.0,
        1.0,
        1.0
      ],
      "far_distance": 25.0,
      "gobo": "/pa/effects/textures/gobo/spotlight_gobo.papa",
      "intensity": 1.0,
      "near_distance": 2.5,
      "near_height": 5.5,
      "near_width": 5.5,
      "offset": [
        6.2,
        6.2,
        8.6
      ],
      "orientation": [
        26.33,
        -23.93,
        -50.68
      ]
    },
    {
      "color": [
        1.0,
        1.0,
        1.0
      ],
      "far_distance": 25.0,
      "gobo": "/pa/effects/textures/gobo/spotlight_gobo.papa",
      "intensity": 1.0,
      "near_distance": 2.5,
      "near_height": 5.5,
      "near_width": 5.5,
      "offset": [
        -6.2,
        6.2,
        8.6
      ],
      "orientation": [
        -26.34,
        -23.93,
        50.67
      ]
    },
    {
      "color": [
        1.0,
        1.0,
        1.0
      ],
      "far_distance": 25.0,
      "gobo": "/pa/effects/textures/gobo/spotlight_gobo.papa",
      "intensity": 1.0,
      "near_distance": 2.5,
      "near_height": 5.5,
      "near_width": 5.5,
      "offset": [
        6.2,
        -6.2,
        8.6
      ],
      "orientation": [
        26.33,
        23.92,
        -129.32
      ]
    },
    {
      "color": [
        1.0,
        1.0,
        1.0
      ],
      "far_distance": 25.0,
      "gobo": "/pa/effects/textures/gobo/spotlight_gobo.papa",
      "intensity": 1.0,
      "near_distance": 2.5,
      "near_height": 5.5,
      "near_width": 5.5,
      "offset": [
        -6.2,
        -6.2,
        8.6
      ],
      "orientation": [
        -26.34,
        23.92,
        129.31
      ]
    }
  ],
  "lamps": [
    {
      "color": [
        1.0,
        1.0,
        1.0
      ],
      "intensity": 1.0,
      "offset": [
        6.2,
        6.2,
        8.6
      ],
      "radius": 3.0
    },
    {
      "color": [
        1.0,
        1.0,
        1.0
      ],
      "intensity": 1.0,
      "offset": [
        -6.2,
        6.2,
        8.6
      ],
      "radius": 3.0
    },
    {
      "color": [
        1.0,
        1.0,
        1.0
      ],
      "intensity": 1.0,
      "offset": [
        6.2,
        -6.2,
        8.6
      ],
      "radius": 3.0
    },
    {
      "color": [
        1.0,
        1.0,
        1.0
      ],
      "intensity": 1.0,
      "offset": [
        -6.2,
        -6.2,
        8.6
      ],
      "radius": 3.0
    }
  ],
  "max_health": 5000,
  "mesh_bounds": [
    20,
    20,
    15.1778
  ],
  "model": [
    {
      "filename": "/pa/units/land/energy_storage/energy_storage.papa",
      "layer": "WL_LandHorizontal",
      "skirt_decal": "/pa/effects/specs/skirt_energy_adv.json"
    },
    {
      "filename": "/pa/units/sea/sea_energy_storage/sea_energy_storage.papa",
      "layer": "WL_WaterSurface"
    }
  ],
  "recon": {
    "observer": {
      "items": [
        {
          "channel": "sight",
          "layer": "surface_and_air",
          "radius": 100,
          "shape": "capsule"
        }
      ]
    }
  },
  "spawn_layers": "WL_AnyHorizontalGroundOrWaterSurface",
  "storage": {
    "energy": 100000
  },
  "unit_types": [
    "UNITTYPE_Structure",
    "UNITTYPE_Basic",
    "UNITTYPE_CmdBuild",
    "UNITTYPE_FabBuild",
    "UNITTYPE_FabAdvBuild",
    "UNITTYPE_Economy"
  ]
}