{
  "TEMP_texelinfo": 6.39639,
  "attachable": {
    "offsets": {
      "head": [
        0,
        0,
        5.3
      ],
      "root": [
        0,
        0,
        0
      ]
    }
  },
  "audio": {
    "loops": {
      "move": {
        "cue": "/SE/Movement/bot/T2_assault_loop",
        "flag": "vel_changed",
        "should_start_func": "is_moving",
        "should_stop_func": "is_not_moving"
      }
    }
  },
  "base_spec": "/pa/units/land/base_bot/base_bot.json",
  "build_metal_cost": 933,
  "description": "Advanced Assault: Strong anti-land and anti-ship lasers",
  "display_group": 40,
  "display_index": 100,
  "display_name": "Slammer",
  "events": {
    "build_complete": {
      "audio_cue": "/SE/Build_Complete/bot"
    },
    "died": {
      "audio_cue": "/SE/Death/Bot",
      "effect_scale": 0.9,
      "effect_spec": "/pa/effects/specs/default_explosion.pfx"
    },
    "firing": {
      "audio_cue": "/SE/Weapons/bot/assault_adv_fire",
      "effect_spec": "/pa/effects/specs/default_small_muzzle_flash.pfx socket_rightMuzzle /pa/effects/specs/default_small_muzzle_flash.pfx socket_leftMuzzle"
    }
  },
  "guard_layer": "WL_AnySurface",
  "guard_radius": 110,
  "max_health": 800,
  "model": {
    "animations": {
      "aim_down": "/pa/units/land/assault_bot_adv/assault_bot_adv_anim_aimDown.papa",
      "aim_up": "/pa/units/land/assault_bot_adv/assault_bot_adv_anim_aimUp.papa",
      "death01": "/pa/units/land/assault_bot_adv/assault_bot_adv_anim_death01.papa",
      "walk": "/pa/units/land/assault_bot_adv/assault_bot_adv_anim_run.papa"
    },
    "animtree": "/pa/anim/anim_trees/bipedal_mech.json",
    "filename": "/pa/units/land/assault_bot_adv/assault_bot_adv.papa",
    "walk_speed": 12
  },
  "navigation": {
    "acceleration": 120,
    "brake": 120,
    "move_speed": 12,
    "turn_speed": 720,
    "type": "land-small"
  },
  "physics": {
    "push_class": 2,
    "radius": 3.5
  },
  "recon": {
    "observer": {
      "items": [
        {
          "channel": "sight",
          "layer": "surface_and_air",
          "radius": 85,
          "shape": "capsule"
        }
      ]
    }
  },
  "tools": [
    {
      "aim_bone": "bone_turret",
      "muzzle_bone": [
        "socket_rightMuzzle",
        "socket_leftMuzzle"
      ],
      "spec_id": "/pa/units/land/assault_bot_adv/assault_bot_adv_tool_weapon.json"
    }
  ],
  "transportable": {
    "size": 1
  },
  "unit_types": [
    "UNITTYPE_Bot",
    "UNITTYPE_Mobile",
    "UNITTYPE_Land",
    "UNITTYPE_Advanced",
    "UNITTYPE_FactoryBuild"
  ]
}