{
  "attachable": {
    "offsets": {
      "head": [
        0,
        -0.5,
        10.6
      ],
      "root": [
        0,
        0,
        0
      ]
    }
  },
  "base_spec": "/pa/units/commanders/raptor_base_laser/raptor_base.json",
  "description": "Raptor Diremachine Commander",
  "display_name": "Diremachine Commander",
  "headlights": [
    {
      "bone": "bone_spine",
      "color": [
        1.0,
        1.0,
        1.0
      ],
      "far_distance": 30.0,
      "gobo": "/pa/effects/textures/gobo/spotlight_gobo.papa",
      "intensity": 6.0,
      "near_distance": 3.0,
      "near_height": 5.0,
      "near_width": 5.0,
      "offset": [
        0,
        -2.149,
        1.488
      ],
      "orientation": [
        0.0,
        45.0,
        0.0
      ],
      "shadow_resolution": 128
    }
  ],
  "lamps": [
    {
      "bone": "bone_spine",
      "color": [
        1.0,
        1.0,
        1.0
      ],
      "intensity": 5.0,
      "offset": [
        0,
        -3.11,
        2.748
      ],
      "radius": 2.0
    },
    {
      "bone": "bone_leftShoulder",
      "color": [
        0.4,
        1.0,
        0.01
      ],
      "intensity": 2.0,
      "offset": [
        0.4,
        3.46,
        -1.1
      ],
      "radius": 4.0
    }
  ],
  "mesh_bounds": [
    10.5,
    9.2,
    13.0
  ],
  "model": {
    "filename": "/pa/units/commanders/raptor_diremachine/raptor_diremachine.papa"
  }
}