{
  "build_list": [
    {
      "build_conditions": [
        [
          {
            "boolean": false,
            "test_type": "BaseThreatened"
          },
          {
            "test_type": "CanAffordBuildDemand"
          },
          {
            "compare0": "<",
            "test_type": "UnitCountOnPlanet",
            "unit_type_string0": "Naval & Fabber & Basic",
            "value0": 2
          },
          {
            "string0": "BasicNavalFabber",
            "test_type": "CanAffordPotentialDrain"
          }
        ]
      ],
      "builders": [
        "BasicNavalFactory"
      ],
      "instance_count": 1,
      "max_num_assisters": 10,
      "name": "Basic Naval Fabber",
      "priority": 100,
      "to_build": "BasicNavalFabber"
    },
    {
      "build_conditions": [
        [
          {
            "boolean": false,
            "test_type": "BaseThreatened"
          },
          {
            "compare0": "<",
            "test_type": "UnitCountOnPlanet",
            "unit_type_string0": "Air & Factory",
            "value0": 1
          },
          {
            "compare0": "<",
            "test_type": "UnitCountPerPlanetRadius",
            "unit_type_string0": "Sea & Scout",
            "value0": 400
          },
          {
            "boolean": false,
            "test_type": "HaveFullPlanetIntel"
          }
        ],
        [
          {
            "boolean": false,
            "test_type": "BaseThreatened"
          },
          {
            "compare0": "<",
            "test_type": "UnitCountOnPlanet",
            "unit_type_string0": "Air & Factory",
            "value0": 1
          },
          {
            "compare0": "<",
            "test_type": "UnitCountOnPlanet",
            "unit_type_string0": "Sea & Scout",
            "value0": 1
          },
          {
            "boolean": false,
            "test_type": "HaveFullPlanetIntel"
          }
        ]
      ],
      "builders": [
        "BasicNavalFactory"
      ],
      "instance_count": 1,
      "name": "Land Scout - Intel",
      "priority": 98,
      "shared_instance_count": "SeaScout",
      "to_build": "SeaScout"
    },
    {
      "build_conditions": [
        [
          {
            "boolean": false,
            "test_type": "AloneOnPlanet"
          },
          {
            "test_type": "CanAffordBuildDemand"
          }
        ]
      ],
      "builders": [
        "BasicNavalFactory"
      ],
      "instance_count": -1,
      "max_num_assisters": 10,
      "name": "Destroyer",
      "priority": 97,
      "to_build": "Destroyer"
    },
    {
      "build_conditions": [
        [
          {
            "boolean": false,
            "test_type": "AloneOnPlanet"
          },
          {
            "test_type": "CanAffordBuildDemand"
          }
        ]
      ],
      "builders": [
        "BasicNavalFactory"
      ],
      "instance_count": -1,
      "max_num_assisters": 10,
      "name": "Basic AA Boat",
      "priority": 97,
      "to_build": "BasicAABoat"
    },
    {
      "build_conditions": [
        [
          {
            "boolean": false,
            "test_type": "AloneOnPlanet"
          },
          {
            "test_type": "CanAffordBuildDemand"
          }
        ]
      ],
      "builders": [
        "AdvancedNavalFactory"
      ],
      "instance_count": -1,
      "max_num_assisters": 10,
      "name": "Frigate",
      "priority": 199,
      "to_build": "Frigate"
    },
    {
      "build_conditions": [
        [
          {
            "boolean": false,
            "test_type": "AloneOnPlanet"
          },
          {
            "test_type": "CanAffordBuildDemand"
          },
          {
            "compare0": "<",
            "test_type": "UnitRatioOnPlanet",
            "unit_type_string0": "(Naval & Construction) - Fabber",
            "unit_type_string1": "(Naval) - Fabber",
            "value0": 0.1
          }
        ],
        [
          {
            "boolean": true,
            "test_type": "AloneOnPlanet"
          },
          {
            "test_type": "CanAffordBuildDemand"
          },
          {
            "compare0": "<",
            "test_type": "UnitRatioOnPlanet",
            "unit_type_string0": "(Naval & Construction) - Fabber",
            "unit_type_string1": "(Naval) - Fabber",
            "value0": 0.1
          },
          {
            "boolean": true,
            "test_type": "OtherPlanetNeedsLandUnitAssistance"
          },
          {
            "compare0": ">",
            "test_type": "UnitCountOnPlanet",
            "unit_type_string0": "Structure & Teleporter",
            "value0": 0
          }
        ]
      ],
      "builders": [
        "BasicNavalFactory"
      ],
      "instance_count": 1,
      "name": "Basic Combat Fabber Boat",
      "priority": 97,
      "to_build": "BasicBoatCombatFabber"
    },
    {
      "build_conditions": [
        [
          {
            "boolean": false,
            "test_type": "BaseThreatened"
          },
          {
            "test_type": "CanAffordBuildDemand"
          },
          {
            "compare0": "<",
            "test_type": "UnitCountOnPlanet",
            "unit_type_string0": "Naval & Fabber & Advanced",
            "value0": 2
          },
          {
            "string0": "AdvancedAirFabber",
            "test_type": "CanAffordPotentialDrain"
          }
        ]
      ],
      "builders": [
        "AdvancedNavalFactory"
      ],
      "instance_count": 1,
      "max_num_assisters": 15,
      "name": "Advanced Naval Fabber",
      "priority": 200,
      "to_build": "AdvancedNavalFabber"
    },
    {
      "build_conditions": [
        [
          {
            "boolean": false,
            "test_type": "AloneOnPlanet"
          },
          {
            "test_type": "CanAffordBuildDemand"
          }
        ]
      ],
      "builders": [
        "AdvancedNavalFactory"
      ],
      "instance_count": -1,
      "max_num_assisters": 15,
      "name": "Battleship",
      "priority": 199,
      "to_build": "Battleship"
    },
    {
      "build_conditions": [
        [
          {
            "boolean": false,
            "test_type": "AloneOnPlanet"
          },
          {
            "test_type": "CanAffordBuildDemand"
          }
        ]
      ],
      "builders": [
        "AdvancedNavalFactory"
      ],
      "instance_count": -1,
      "max_num_assisters": 15,
      "name": "MissleShip",
      "priority": 199,
      "to_build": "MissleShip"
    }
  ]
}