{
  "ammo_type": "Projectile",
  "audio_loop": "/SE/Movement/missile/nuke_missile_fly_loop",
  "build_metal_cost": 32400,
  "collision_check": "ground",
  "cruise_height": 100,
  "damage": 4000,
  "flight_type": "Staged",
  "full_damage_splash_radius": 30,
  "fx_trail": {
    "filename": "/pa/effects/specs/nuke_proj_trail.pfx",
    "offset": [
      0.0,
      7.427,
      0.0
    ]
  },
  "gravwell_velocity_multiplier": 15.0,
  "initial_velocity": 40.0,
  "interplanetary_type": "INTER_GravWell",
  "lifetime": 0,
  "max_velocity": 75.0,
  "model": {
    "filename": "/pa/units/air/missile_nuke_interplanetary/missile_nuke_interplanetary.papa"
  },
  "physics": {
    "add_to_spatial_db": true,
    "allow_underground": true,
    "gravity_scalar": 3,
    "ignore_gravity": true,
    "push_class": 1,
    "radius": 10
  },
  "show_in_orbital_layer": true,
  "show_strategic_icon": true,
  "sim_impact_effect": "/pa/effects/specs/default_commander_explosion_ent.json",
  "spawn_layers": "WL_Air",
  "splash_damage": 4000,
  "splash_damages_allies": true,
  "splash_radius": 150,
  "stages": [
    {
      "ignores_LOS": true,
      "ignores_gravity": true,
      "rotates_to_velocity": true,
      "stage_duration": 600,
      "stage_turn_rate": 0
    },
    {
      "ignores_LOS": true,
      "ignores_gravity": true,
      "rotates_to_velocity": true,
      "stage_change_range": 75,
      "stage_duration": 0,
      "stage_turn_rate": 90
    },
    {
      "ignores_LOS": false,
      "ignores_gravity": false,
      "rotates_to_velocity": true,
      "stage_duration": 5000,
      "stage_turn_rate": 360
    },
    {
      "ignores_LOS": false,
      "ignores_gravity": false,
      "rotates_to_velocity": true,
      "stage_duration": 5000,
      "stage_turn_rate": 1080
    }
  ],
  "system_velocity_multiplier": 15.0,
  "turn_rate": 180
}