{"base_spec":"/pa/units/orbital/base_orbital/base_orbital.json","display_name":"The Egg","description":"The Egg: Initial Commander Transport","max_health":550,"storage":{"energy":125000,"metal":2400},"unit_types":["UNITTYPE_Orbital","UNITTYPE_Mobile"],"command_caps":["ORDER_Move"],"useable":{"type":"transport","range":10},"transporter":{"capacity":1},"navigation":{"type":"orbital","acceleration":75,"brake":100,"move_speed":25,"turn_speed":135,"dodge_radius":10,"dodge_multiplier":1.0,"wobble_factor":0.001,"wobble_speed":0.01,"hover_time":-1.0},"physics":{"radius":10,"push_class":15,"gravity_scalar":0.001},"recon":{"observer":{"items":[{"layer":"surface_and_air","channel":"sight","shape":"capsule","radius":70}]}},"model":{"filename":"/pa/units/orbital/orbital_lander/orbital_lander.papa"}}