{"base_spec":"/pa/units/sea/base_ship/base_ship.json","display_name":"Stingray","description":"Artillery Class: Long range guided missiles","display_group":20,"display_index":80,"max_health":1000,"build_metal_cost":8640,"spawn_layers":"WL_WaterSurface","mesh_bounds":[10,50,10],"unit_types":["UNITTYPE_Naval","UNITTYPE_Mobile","UNITTYPE_Advanced","UNITTYPE_Tactical","UNITTYPE_FactoryBuild"],"physics":{"radius":12,"push_class":2},"guard_radius":460,"guard_layer":"WL_AnySurface","navigation":{"type":"water","acceleration":1,"brake":0.25,"move_speed":5,"turn_speed":15},"recon":{"observer":{"items":[{"layer":"surface_and_air","channel":"sight","shape":"capsule","radius":200}]}},"model":{"filename":"/pa/units/sea/missile_ship/missile_ship.papa","arrows":5},"nearby_target_tick_update_interval":20,"tools":[{"spec_id":"/pa/units/sea/missile_ship/missile_ship_tool_weapon.json","aim_bone":"socket_missile_aim","muzzle_bone":["socket_missile_muzzle001","socket_missile_muzzle002","socket_missile_muzzle005","socket_missile_muzzle006"]},{"spec_id":"/pa/units/sea/missile_ship/missile_ship_aa_tool_weapon.json","aim_bone":"socket_missile_aim","muzzle_bone":["socket_missile_muzzle003","socket_missile_muzzle004","socket_missile_muzzle007","socket_missile_muzzle008"]}],"events":{"build_complete":{"audio_cue":"/SE/Build_Complete/sea"},"firing":{"audio_cue":"/SE/Weapons/sea/T2_missile_ship_fire"},"died":{"audio_cue":"/SE/Death/Sea"}},"audio":{"loops":{"move":{"cue":"/SE/Movement/sea/T2_missile_ship_loop","flag":"vel_changed","should_start_func":"is_moving","should_stop_func":"is_not_moving"}}},"TEMP_texelinfo":28.8281}