{"base_spec":"/pa/ammo/base_missiles/base_missile_aa_seeking.json","flight_type":"Staged","damage":200,"splash_damage":200,"splash_radius":5,"initial_velocity":25.0,"max_velocity":250.0,"accel_rate":5.0,"turn_rate":360.0,"lifetime":15,"stages":[{"ignores_gravity":true,"ignores_LOS":true,"stage_duration":25,"stage_turn_rate":180,"rotates_to_velocity":true},{"ignores_gravity":true,"ignores_LOS":true,"stage_duration":50,"stage_turn_rate":360,"rotates_to_velocity":true},{"ignores_gravity":true,"ignores_LOS":false,"stage_duration":10000,"stage_turn_rate":3600,"rotates_to_velocity":true}]}