{"base_spec":"/pa/units/commanders/base_commander/base_commander.json","display_name":"Tank Class Commander","description":"Tank Class Commander. - If you're seeing this, something is wrong in your commander.","model":{"filename":"/pa/units/commanders/tank_aeson/tank_aeson.papa","animations":{"walk":"/pa/units/commanders/tank_base/tank_base_anim_walk.papa","aim_up":"/pa/units/commanders/tank_base/tank_base_anim_aimUp.papa","idle":"/pa/units/commanders/tank_base/tank_base_anim_idle.papa","aim_down":"/pa/units/commanders/tank_base/tank_base_anim_aimDown.papa"},"animtree":"/pa/anim/anim_trees/commander.json"},"navigation":{"turn_in_place":true},"audio":{"loops":{"build":{"cue":"/SE/Construction/Commander_contruction_beam_loop","flag":"build_target_changed","should_start_func":"has_build_target","should_stop_func":"no_build_target"},"move":{"cue":"/SE/Movement/commander/Commander_move_loop_tank","flag":"vel_changed","should_start_func":"is_moving","should_stop_func":"is_not_moving"}}}}