{
  "audio": {
    "loops": {
      "build": {
        "cue": "/SE/Construction/Factory_contruction_loop_veh",
        "flag": "build_target_changed",
        "should_start_func": "has_build_target",
        "should_stop_func": "no_build_target"
      }
    }
  },
  "base_spec": "/pa/units/land/base_structure/base_structure.json",
  "build_metal_cost": 1,
  "buildable_types": "Land & Mobile & Tank | Tank & Fabber & Mobile",
  "command_caps": [
    "ORDER_Move",
    "ORDER_Patrol",
    "ORDER_FactoryBuild",
    "ORDER_Attack",
    "ORDER_Assist"
  ],
  "consumption": {
    "energy": 1
  },
  "description": "This spec is for reference purposes only.",
  "display_group": 1,
  "display_index": 1,
  "display_name": "Do Not Ever Inherit Me",
  "fx_offsets": [
    {
      "bone": "socket_nozzle01",
      "filename": "/pa/effects/specs/fab_spray.pfx",
      "offset": [
        0,
        0,
        0
      ],
      "orientation": [
        0,
        0,
        0
      ],
      "type": "build"
    }
  ],
  "guard_layer": "WL_LandHorizontal",
  "guard_radius": 1,
  "headlights": [
    {
      "color": [
        1.5,
        1.52,
        1.6
      ],
      "debug": false,
      "far_distance": 30.0,
      "gobo": "/pa/effects/textures/gobo/spotlight_gobo.papa",
      "near_distance": 10.0,
      "near_height": 20.0,
      "near_width": 20.0,
      "offset": [
        0.0,
        0.0,
        20.0
      ],
      "orientation": [
        0.0,
        0.0,
        0.0
      ]
    }
  ],
  "max_health": 1,
  "navigation": {
    "acceleration": 1,
    "brake": 1,
    "dodge_multiplier": 1.0,
    "dodge_radius": 15,
    "move_speed": 1,
    "turn_speed": 1,
    "type": "land-small",
    "wobble_factor": 0.1,
    "wobble_speed": 0.2
  },
  "physics": {
    "air_friction": 1.0,
    "push_class": 1,
    "radius": 1,
    "shape": "Sphere",
    "type": "Mobile"
  },
  "production": {
    "energy": 1,
    "metal": 1
  },
  "tools": [
    {
      "aim_bone": "bone_root",
      "spec_id": "/pa/tools/factory_build_arm_adv/factory_build_arm_adv.json"
    }
  ],
  "unit_types": [
    "UNITTYPE_Land",
    "UNITTYPE_NoBuild"
  ]
}