{"base_spec":"/pa/units/land/base_structure/base_structure.json","display_name":"Advanced Radar","description":"Advanced Radar: Detects nearby enemy land, sea, and air units","display_group":50,"display_index":100,"max_health":1500,"build_metal_cost":4800,"consumption":{"energy":4500},"energy_efficiency_requirement":0.9,"atrophy_rate":20.0,"atrophy_cool_down":30.0,"spawn_layers":"WL_AnySurface","unit_types":["UNITTYPE_Land","UNITTYPE_Structure","UNITTYPE_Advanced","UNITTYPE_Recon","UNITTYPE_FabAdvBuild"],"physics":{"collision_layers":"WL_AnySurface"},"recon":{"observer":{"items":[{"layer":"surface_and_air","channel":"sight","shape":"capsule","radius":300,"uses_energy":true},{"layer":"surface_and_air","channel":"radar","shape":"capsule","radius":1200,"uses_energy":true},{"layer":"orbital","channel":"radar","shape":"capsule","radius":1200,"uses_energy":true},{"layer":"orbital","channel":"sight","shape":"capsule","radius":300,"uses_energy":true}]}},"model":[{"layer":"WL_LandHorizontal","filename":"/pa/units/land/radar_adv/radar_adv.papa","animations":{"start":"/pa/units/land/radar_adv/radar_adv_anim_start.papa","loop":"/pa/units/land/radar_adv/radar_adv_anim_loop.papa","end":"/pa/units/land/radar_adv/radar_adv_anim_end.papa"},"animtree":"/pa/anim/anim_trees/powered_loop.json","skirt_decal":"/pa/effects/specs/skirt_radar_adv.json"},{"layer":"WL_WaterSurface","filename":"/pa/units/sea/radar_adv/radar_adv.papa","animations":{"start":"/pa/units/land/radar_adv/radar_adv_anim_start.papa","loop":"/pa/units/land/radar_adv/radar_adv_anim_loop.papa","end":"/pa/units/land/radar_adv/radar_adv_anim_end.papa"},"animtree":"/pa/anim/anim_trees/powered_loop.json"}],"events":{"build_complete":{"audio_cue":"/SE/Build_Complete/radar"},"died":{"audio_cue":"/SE/Death/radar","effect_scale":0.5}},"lamps":[{"offset":[0.0,1.24,0.05],"radius":3.0,"color":[1.0,1.0,1.0],"intensity":2.0,"bone":"bone_elbow"}],"TEMP_texelinfo":16.9774}