{
    "base_spec": "/pa/tools/base_artillery_turret_unit/base_artillery_turret_unit.json",
    "ammo_id": "/pa/units/land/bot_artillery/bot_artillery_ammo.json",
    "arc_type": "ARC_Low",
    "rate_of_fire": 0.25,
    "idle_aim_delay": 5,
    "max_range": 140,
    "yaw_rate": 30,
    "pitch_rate": 30,
    "yaw_range": 180,
    "pitch_range": 89,
    "auto_attack": true,
    "target_layers": [
        "WL_LandHorizontal",
        "WL_Seafloor",
        "WL_WaterSurface"
    ]
}
