{
  "TEMP_texelinfo": 6.1803,
  "audio": {
    "loops": {
      "move": {
        "cue": "/SE/Movement/air/air_fighter_loop",
        "flag": "vel_changed",
        "should_start_func": "is_moving",
        "should_stop_func": "is_not_moving"
      }
    }
  },
  "base_spec": "/pa/units/air/base_flyer/base_flyer.json",
  "build_metal_cost": 130,
  "description": "Hummingbird: Analysis: Fighter: Strong anti-air missiles.",
  "display_group": 60,
  "display_index": 80,
  "display_name": "Hummingbird",
  "events": {
    "build_complete": {
      "audio_cue": "/SE/Build_Complete/air"
    },
    "died": {
      "audio_cue": "/SE/Death/Air",
      "effect_spec": "/pa/units/air/missile_nuke/missile_nuke_implosion.pfx"
    },
    "fired": {
      "audio_cue": "/SE/Weapons/air/fighter_fire"
    }
  },
  "fx_offsets": [
    {
      "filename": "/pa/units/air/fighter/fighter_jets.pfx",
      "offset": [
        0,
        2.9,
        0.836
      ],
      "type": "moving_forward"
    }
  ],
  "guard_layer": "WL_AnySurface",
  "guard_radius": 300,
  "max_health": 200,
  "model": {
    "animations": {
      "fly": "/pa/units/air/fighter/fighter_anim_fly.papa"
    },
    "arrows": 5,
    "animtree": "/pa/anim/anim_trees/fighter_anim_tree.json",
    "filename": "/pa/units/air/fighter/fighter.papa"
  },
  "navigation": {
    "acceleration": 180,
    "aggressive_distance": 250,
    "aggressive_height": 100,
    "brake": 45,
    "dodge_multiplier": 0,
    "dodge_radius": 0,
    "move_speed": 90,
    "turn_speed": 180,
    "type": "air",
    "wobble_factor": 0.05,
    "wobble_speed": 0.1
  },
  "physics": {
    "gravity_scalar": 1,
    "push_class": 2,
    "radius": 6
  },
  "recon": {
    "observer": {
      "items": [
        {
          "channel": "sight",
          "layer": "surface_and_air",
          "radius": 150,
          "shape": "capsule"
        }
      ]
    }
  },
  "tools": [
    {
      "aim_bone": "bone_root",
      "muzzle_bone": "bone_root",
      "primary_weapon": false,
      "spec_id": "/pa/units/air/fighter/fighter_tool_weapon.json"
    }
  ],
  "unit_types": [
    "UNITTYPE_Fighter",
    "UNITTYPE_Air",
    "UNITTYPE_Mobile",
    "UNITTYPE_Basic",
    "UNITTYPE_FactoryBuild"
  ]
}