{"base_spec":"/pa/units/commanders/quad_base/quad_base.json","display_name":"Xinthar Commander","description":"Quadruped Xinthar Commander.","attachable":{"offsets":{"root":[0,0,0],"head":[0,0.8,12]}},"model":{"filename":"/pa/units/commanders/quad_xinthar/quad_xinthar.papa"},"headlights":[{"gobo":"/pa/effects/textures/gobo/spotlight_gobo.papa","offset":[0.0,-1.2,4.3],"orientation":[0.0,45.0,0.0],"near_width":5.0,"near_height":5.0,"near_distance":3.0,"far_distance":30.0,"color":[1.0,1.0,1.0],"intensity":6.0,"bone":"bone_spine","shadow_resolution":128}],"lamps":[{"offset":[0.0,-1.2,4.3],"radius":2.0,"color":[1.0,1.0,1.0],"intensity":5.0,"bone":"bone_spine"},{"offset":[0.0,-5.672,1.33],"radius":4.0,"color":[0.4,1.0,0.01],"intensity":2.0,"bone":"bone_leftShoulder"}]}