{
  "TEMP_texelinfo": 65.6074,
  "area_build_separation": 7,
  "atrophy_cool_down": 30.0,
  "atrophy_rate": 50.0,
  "audio": {
    "loops": {
      "build": {
        "cue": "/SE/Construction/Factory_contruction_loop_orbital",
        "flag": "build_target_changed",
        "should_start_func": "has_build_target",
        "should_stop_func": "no_build_target"
      }
    }
  },
  "base_spec": "/pa/units/land/base_structure/base_structure.json",
  "build_metal_cost": 2200,
  "buildable_types": "Orbital & FactoryBuild",
  "command_caps": [
    "ORDER_Move",
    "ORDER_Patrol",
    "ORDER_FactoryBuild",
    "ORDER_Reclaim",
    "ORDER_Repair",
    "ORDER_Attack",
    "ORDER_Assist"
  ],
  "description": "Orbital Factory: Analysis: Factory: Builds orbital satellites",
  "display_group": 75,
  "display_index": 65,
  "display_name": "Orbital Factory",
  "events": {
    "died": {
      "audio_cue": "/SE/Death/orbital",
      "effect_scale": 1.5
    }
  },
  "factory_cooldown_time": 4,
  "fx_offsets": [
    {
      "bone": "bone_centerHalo",
      "filename": "/pa/effects/specs/fab_spray.pfx",
      "offset": [
        17,
        0,
        0
      ],
      "orientation": [
        0,
        0,
        90
      ],
      "type": "build"
    },
    {
      "bone": "bone_centerHalo",
      "filename": "/pa/effects/specs/fab_spray.pfx",
      "offset": [
        -17,
        0,
        0
      ],
      "orientation": [
        0,
        0,
        -90
      ],
      "type": "build"
    },
    {
      "bone": "bone_frontHalo",
      "filename": "/pa/effects/specs/fab_spray.pfx",
      "offset": [
        9.5,
        0,
        9.5
      ],
      "orientation": [
        0,
        0,
        135
      ],
      "type": "build"
    },
    {
      "bone": "bone_frontHalo",
      "filename": "/pa/effects/specs/fab_spray.pfx",
      "offset": [
        -9.5,
        0,
        -9.5
      ],
      "orientation": [
        0,
        0,
        -135
      ],
      "type": "build"
    },
    {
      "bone": "bone_backHalo",
      "filename": "/pa/effects/specs/fab_spray.pfx",
      "offset": [
        9.5,
        0,
        9.5
      ],
      "orientation": [
        0,
        0,
        135
      ],
      "type": "build"
    },
    {
      "bone": "bone_backHalo",
      "filename": "/pa/effects/specs/fab_spray.pfx",
      "offset": [
        -9.5,
        0,
        -9.5
      ],
      "orientation": [
        0,
        0,
        -135
      ],
      "type": "build"
    }
  ],
  "max_health": 2000,
  "mesh_bounds": [
    60,
    60,
    30
  ],
  "model": [
    {
      "animations": {
        "build_end": "/pa/units/orbital/orbital_factory/orbital_factory_anim_end.papa",
        "build_loop": "/pa/units/orbital/orbital_factory/orbital_factory_anim_build.papa",
        "build_start": "/pa/units/orbital/orbital_factory/orbital_factory_anim_start.papa"
      },
      "animtree": "/pa/anim/anim_trees/factory_anim_tree.json",
      "filename": "/pa/units/orbital/orbital_factory/orbital_factory.papa",
      "layer": "WL_Orbital"
    }
  ],
  "physics": {
    "collision_layers": "WL_Orbital",
    "ignore_gravity": true,
    "push_class": 15,
    "radius": 20
  },
  "placement_size": [
    100,
    100
  ],
  "recon": {
    "observer": {
      "items": [
        {
          "channel": "sight",
          "layer": "orbital",
          "radius": 100,
          "shape": "capsule"
        }
      ]
    }
  },
  "rolloff_dirs": [
    [
      0,
      1,
      0
    ],
    [
      0,
      -1,
      0
    ]
  ],
  "spawn_layers": "WL_Orbital",
  "tools": [
    {
      "aim_bone": "bone_root",
      "spec_id": "/pa/units/orbital/orbital_factory/orbital_factory_build_arm.json"
    }
  ],
  "unit_types": [
    "UNITTYPE_Factory",
    "UNITTYPE_Construction",
    "UNITTYPE_Orbital",
    "UNITTYPE_FabOrbBuild",
    "UNITTYPE_Structure"
  ],
  "wait_to_rolloff_time": 0,
  "wreckage_health_frac": 0.0
}