{
  "build_list": [
    {
      "build_conditions": [
        [
          {
            "test_type": "CanAffordBuildDemand"
          },
          {
            "compare0": "<",
            "test_type": "UnitCountOnPlanet",
            "unit_type_string0": "(Recon & Advanced - Orbital) | (Recon & Orbital - Structure)",
            "value0": 1
          },
          {
            "compare0": "<",
            "test_type": "UnitCountInBase",
            "unit_type_string0": "Land & Structure & Recon & Basic",
            "value0": 1
          },
          {
            "string0": "BasicRadar",
            "test_type": "CanAffordPotentialDrain"
          },
          {
            "compare0": "<",
            "string0": "Ally",
            "test_type": "UnitCountAroundBase",
            "unit_type_string0": "Land & Structure & Recon & Basic",
            "value0": 200,
            "value1": 1
          },
          {
            "string0": "BasicRadar",
            "test_type": "CanFindPlaceToBuild"
          }
        ]
      ],
      "builders": [
        "AnyBasicFabber"
      ],
      "instance_count": 1,
      "name": "Basic Radar",
      "placement_rules": {
        "buffer": 2,
        "threat": {
          "compare_type": "<",
          "influence_type": "AntiSurface",
          "radius": 10,
          "value": 50
        }
      },
      "priority": 90,
      "shared_instance_count": "BasicRadar",
      "to_build": "BasicRadar"
    },
    {
      "build_conditions": [
        [
          {
            "test_type": "CanAffordBuildDemand"
          },
          {
            "compare0": "<",
            "test_type": "UnitCountOnPlanet",
            "unit_type_string0": "(Recon & Advanced - Orbital) | (Recon & Orbital - Structure)",
            "value0": 1
          },
          {
            "compare0": "<",
            "test_type": "UnitCountInBase",
            "unit_type_string0": "Land & Structure & Recon & Basic",
            "value0": 1
          },
          {
            "compare0": ">",
            "test_type": "UnitCountInBase",
            "unit_type_string0": "Structure & (Artillery | Tactical)",
            "value0": 0
          },
          {
            "string0": "BasicRadar",
            "test_type": "CanAffordPotentialDrain"
          },
          {
            "compare0": "<",
            "string0": "Ally",
            "test_type": "UnitCountAroundBase",
            "unit_type_string0": "Land & Structure & Recon & Basic",
            "value0": 200,
            "value1": 1
          },
          {
            "string0": "BasicRadar",
            "test_type": "CanFindPlaceToBuild"
          }
        ]
      ],
      "builders": [
        "AnyBasicFabber"
      ],
      "instance_count": 1,
      "name": "Basic Radar - Need for Ranged",
      "placement_rules": {
        "buffer": 2,
        "threat": {
          "compare_type": "<",
          "influence_type": "AntiSurface",
          "radius": 10,
          "value": 50
        }
      },
      "priority": 246,
      "shared_instance_count": "BasicRadar",
      "to_build": "BasicRadar"
    },
    {
      "build_conditions": [
        [
          {
            "test_type": "CanAffordBuildDemand"
          },
          {
            "compare0": "<",
            "test_type": "UnitCountInBase",
            "unit_type_string0": "Land & Structure & Recon & Advanced",
            "value0": 1
          },
          {
            "string0": "AdvancedRadar",
            "test_type": "CanAffordPotentialDrain"
          },
          {
            "compare0": "<",
            "string0": "Ally",
            "test_type": "UnitCountAroundBase",
            "unit_type_string0": "Land & Structure & Recon & Advanced",
            "value0": 350,
            "value1": 1
          },
          {
            "string0": "AdvancedRadar",
            "test_type": "CanFindPlaceToBuild"
          }
        ]
      ],
      "builders": [
        "AnyAdvancedFabber"
      ],
      "instance_count": 1,
      "name": "Advanced Radar",
      "placement_rules": {
        "buffer": 2,
        "threat": {
          "compare_type": "<",
          "influence_type": "AntiSurface",
          "radius": 10,
          "value": 50
        }
      },
      "priority": 91,
      "shared_instance_count": "AdvancedRadar",
      "to_build": "AdvancedRadar"
    },
    {
      "build_conditions": [
        [
          {
            "test_type": "CanAffordBuildDemand"
          },
          {
            "compare0": "<",
            "test_type": "UnitCountInBase",
            "unit_type_string0": "Land & Structure & Recon & Advanced",
            "value0": 1
          },
          {
            "string0": "AdvancedRadar",
            "test_type": "CanAffordPotentialDrain"
          },
          {
            "compare0": ">",
            "test_type": "UnitCountInBase",
            "unit_type_string0": "Structure & (Artillery | Tactical)",
            "value0": 0
          },
          {
            "compare0": "<",
            "string0": "Ally",
            "test_type": "UnitCountAroundBase",
            "unit_type_string0": "Land & Structure & Recon & Advanced",
            "value0": 350,
            "value1": 1
          },
          {
            "string0": "AdvancedRadar",
            "test_type": "CanFindPlaceToBuild"
          }
        ]
      ],
      "builders": [
        "AnyAdvancedFabber"
      ],
      "instance_count": 1,
      "name": "Advanced Radar - Need for Ranged",
      "placement_rules": {
        "buffer": 2,
        "threat": {
          "compare_type": "<",
          "influence_type": "AntiSurface",
          "radius": 10,
          "value": 50
        }
      },
      "priority": 247,
      "shared_instance_count": "AdvancedRadar",
      "to_build": "AdvancedRadar"
    },
    {
      "build_conditions": [
        [
          {
            "test_type": "CanAffordBuildDemand"
          },
          {
            "compare0": "<",
            "test_type": "UnitCount",
            "unit_type_string0": "Structure & Recon & Orbital",
            "value0": 1
          },
          {
            "boolean": true,
            "test_type": "HaveSeenEnemyUnits",
            "unit_type_string0": "Orbital - (Structure & Recon)"
          },
          {
            "string0": "DeepSpaceRadar",
            "test_type": "CanFindPlaceToBuild"
          }
        ],
        [
          {
            "test_type": "CanAffordBuildDemand"
          },
          {
            "compare0": "<",
            "test_type": "UnitCount",
            "unit_type_string0": "Structure & Recon & Orbital",
            "value0": 1
          },
          {
            "compare0": ">",
            "test_type": "UnitCount",
            "unit_type_string0": "Orbital & Factory",
            "value0": 0
          },
          {
            "string0": "DeepSpaceRadar",
            "test_type": "CanFindPlaceToBuild"
          }
        ]
      ],
      "builders": [
        "AnyBasicFabber"
      ],
      "instance_count": 1,
      "name": "Deep Space Radar",
      "placement_rules": {
        "buffer": 2,
        "threat": {
          "compare_type": "<",
          "influence_type": "AntiSurface",
          "radius": 10,
          "value": 50
        }
      },
      "priority": 90,
      "to_build": "DeepSpaceRadar"
    }
  ]
}