{"base_spec":"/pa/units/sea/base_ship/base_ship.json","display_name":"Dolphin","description":"Submarine Class: Anti-sub and anti-ship torpedoes","display_group":40,"display_index":60,"max_health":140,"build_metal_cost":900,"spawn_layers":"WL_WaterSurface","unit_types":["UNITTYPE_Naval","UNITTYPE_Mobile","UNITTYPE_Basic","UNITTYPE_Sub"],"guard_radius":200,"guard_layer":"WL_WaterSurface","navigation":{"type":"water","acceleration":1,"brake":1,"move_speed":10,"turn_speed":30,"dodge_radius":15,"dodge_multiplier":1.0,"wobble_factor":0.1,"wobble_speed":0.2},"physics":{"radius":6,"push_class":2},"recon":{"observer":{"items":[{"layer":"surface_and_air","channel":"sight","shape":"capsule","radius":150}]}},"model":{"filename":"/pa/units/sea/attack_sub/attack_sub.papa","arrows":5},"tools":[{"spec_id":"/pa/units/sea/attack_sub/attack_sub_tool_weapon.json","aim_bone":"bone_root","muzzle_bone":"bone_root"}],"events":{"build_complete":{"audio_cue":"/SE/Build_Complete/sea"},"firing":{"audio_cue":"/SE/Weapons/sea/attack_sub_fire"},"died":{"audio_cue":"/SE/Death/Sea_sub"}},"audio":{"loops":{"move":{"cue":"/SE/Movement/sea/attack_sub_loop","flag":"vel_changed","should_start_func":"is_moving","should_stop_func":"is_not_moving"}}},"TEMP_texelinfo":8.37977}