{
  "ammo_id": "/pa/ammo/missile_seeking/missile_seeking.json",
  "auto_attack": true,
  "base_spec": "/pa/tools/base_turret/base_turret.json",
  "max_range": 175,
  "pitch_range": 85,
  "pitch_rate": 30,
  "rate_of_fire": 0.6,
  "target_layers": [
    "WL_LandHorizontal",
    "WL_WaterSurface",
    "WL_Air"
  ],
  "target_priorities": [
    "Air",
    "Mobile - Wall",
    "Structure - Wall",
    "Wall"
  ],
  "tool_type": "TOOL_Weapon",
  "yaw_range": 180,
  "yaw_rate": 90
}