{
  "TEMP_texelinfo": 37.6046,
  "area_build_separation": 3,
  "atrophy_cool_down": 30.0,
  "atrophy_rate": 10.0,
  "audio": {
    "loops": {
      "build": {
        "cue": "/SE/Construction/Factory_contruction_loop_air",
        "flag": "build_target_changed",
        "should_start_func": "has_build_target",
        "should_stop_func": "no_build_target"
      }
    }
  },
  "base_spec": "/pa/units/land/base_structure/base_structure.json",
  "build_metal_cost": 1000,
  "buildable_types": "(Air & Mobile & Basic | Air & Fabber & Basic & Mobile) & FactoryBuild",
  "command_caps": [
    "ORDER_Move",
    "ORDER_Patrol",
    "ORDER_FactoryBuild",
    "ORDER_Reclaim",
    "ORDER_Repair",
    "ORDER_Attack",
    "ORDER_Assist",
    "ORDER_Use"
  ],
  "death": {
    "decals": [
      "/pa/effects/specs/scorch_c_01.json"
    ]
  },
  "description": "Generalist Air Factory: Analysis: Factory: Builds air units",
  "display_group": 70,
  "display_index": 60,
  "display_name": "Generalist Air Factory",
  "events": {
    "died": {
      "effect_scale": 1.0
    }
  },
  "factory_cooldown_time": 2,
  "fx_offsets": [
    {
      "bone": "bone_outsideRing",
      "filename": "/pa/effects/specs/fab_spray.pfx",
      "offset": [
        -6.45,
        6.45,
        0
      ],
      "orientation": [
        0,
        0,
        -45
      ],
      "type": "build"
    },
    {
      "bone": "bone_outsideRing",
      "filename": "/pa/effects/specs/fab_spray.pfx",
      "offset": [
        6.45,
        6.45,
        0
      ],
      "orientation": [
        0,
        0,
        45
      ],
      "type": "build"
    },
    {
      "bone": "bone_outsideRing",
      "filename": "/pa/effects/specs/fab_spray.pfx",
      "offset": [
        6.45,
        -6.45,
        0
      ],
      "orientation": [
        0,
        0,
        135
      ],
      "type": "build"
    },
    {
      "bone": "bone_outsideRing",
      "filename": "/pa/effects/specs/fab_spray.pfx",
      "offset": [
        -6.45,
        -6.45,
        0
      ],
      "orientation": [
        0,
        0,
        -135
      ],
      "type": "build"
    }
  ],
  "headlights": [
    {
      "bone": "bone_platform",
      "color": [
        1.5,
        1.52,
        1.6
      ],
      "far_distance": 15.0,
      "gobo": "/pa/effects/textures/gobo/spotlight_gobo.papa",
      "intensity": 3.0,
      "near_distance": 1.0,
      "near_height": 2.4,
      "near_width": 2.4,
      "offset": [
        5.67,
        5.67,
        2.5
      ],
      "orientation": [
        -35.0,
        31.0,
        0.0
      ]
    },
    {
      "bone": "bone_platform",
      "color": [
        1.5,
        1.52,
        1.6
      ],
      "far_distance": 15.0,
      "gobo": "/pa/effects/textures/gobo/spotlight_gobo.papa",
      "intensity": 3.0,
      "near_distance": 1.0,
      "near_height": 2.4,
      "near_width": 2.4,
      "offset": [
        5.67,
        -5.67,
        2.5
      ],
      "orientation": [
        -35.0,
        -31.0,
        0.0
      ]
    },
    {
      "bone": "bone_platform",
      "color": [
        1.5,
        1.52,
        1.6
      ],
      "far_distance": 15.0,
      "gobo": "/pa/effects/textures/gobo/spotlight_gobo.papa",
      "intensity": 3.0,
      "near_distance": 1.0,
      "near_height": 2.4,
      "near_width": 2.4,
      "offset": [
        -5.67,
        5.67,
        2.5
      ],
      "orientation": [
        35.0,
        31.0,
        0.0
      ]
    },
    {
      "bone": "bone_platform",
      "color": [
        1.5,
        1.52,
        1.6
      ],
      "far_distance": 15.0,
      "gobo": "/pa/effects/textures/gobo/spotlight_gobo.papa",
      "intensity": 3.0,
      "near_distance": 1.0,
      "near_height": 2.4,
      "near_width": 2.4,
      "offset": [
        -5.67,
        -5.67,
        2.5
      ],
      "orientation": [
        35.0,
        -31.0,
        0.0
      ]
    }
  ],
  "lamps": [
    {
      "color": [
        0.1,
        1.0,
        0.1
      ],
      "intensity": 2.0,
      "offset": [
        4.0,
        -11.1,
        6.0
      ],
      "radius": 8.0
    },
    {
      "color": [
        0.1,
        1.0,
        0.1
      ],
      "intensity": 2.0,
      "offset": [
        -4.0,
        -11.1,
        6.0
      ],
      "radius": 8.0
    },
    {
      "color": [
        1.0,
        0.0,
        0.0
      ],
      "intensity": 2.0,
      "offset": [
        5.0,
        14.12,
        4.54
      ],
      "radius": 4.0
    }
  ],
  "max_health": 2750,
  "mesh_bounds": [
    30,
    30,
    30
  ],
  "model": [
    {
      "animations": {
        "build_end": "/pa/units/air/air_factory/air_factory_anim_end.papa",
        "build_loop": "/pa/units/air/air_factory/air_factory_anim_build.papa",
        "build_start": "/pa/units/air/air_factory/air_factory_anim_start.papa"
      },
      "animtree": "/pa/anim/anim_trees/factory_anim_tree.json",
      "filename": "/pa/units/air/air_factory/air_factory.papa",
      "layer": "WL_LandHorizontal",
      "skirt_decal": "/pa/effects/specs/skirt_air.json"
    },
    {
      "animations": {
        "build_end": "/pa/units/air/air_factory/air_factory_anim_end.papa",
        "build_loop": "/pa/units/air/air_factory/air_factory_anim_build.papa",
        "build_start": "/pa/units/air/air_factory/air_factory_anim_start.papa"
      },
      "animtree": "/pa/anim/anim_trees/factory_anim_tree.json",
      "filename": "/pa/units/sea/air_factory/air_factory.papa",
      "layer": "WL_WaterSurface"
    }
  ],
  "physics": {
    "collision_layers": "WL_AnyHorizontalGroundOrWaterSurface"
  },
  "placement_size": [
    30,
    30
  ],
  "recon": {
    "observer": {
      "items": [
        {
          "channel": "sight",
          "layer": "surface_and_air",
          "radius": 100,
          "shape": "capsule"
        }
      ]
    }
  },
  "rolloff_dirs": [
    [
      1,
      0,
      0
    ],
    [
      -1,
      0,
      0
    ],
    [
      0,
      1,
      0
    ],
    [
      0,
      -1,
      0
    ]
  ],
  "spawn_layers": "WL_AnyHorizontalGroundOrWaterSurface",
  "tools": [
    {
      "aim_bone": "bone_root",
      "spec_id": "/pa/units/air/air_factory/air_factory_build_arm.json"
    }
  ],
  "unit_types": [
    "UNITTYPE_Factory",
    "UNITTYPE_Construction",
    "UNITTYPE_Air",
    "UNITTYPE_Structure",
    "UNITTYPE_Basic",
    "UNITTYPE_CmdBuild",
    "UNITTYPE_FabBuild",
    "UNITTYPE_FabAdvBuild"
  ],
  "wait_to_rolloff_time": 0
}