{
  "ammo_capacity": 10000,
  "ammo_demand": 1000,
  "ammo_id": "/pa/units/air/bomber_adv/bomber_adv_ammo.json",
  "ammo_per_shot": 1000,
  "ammo_source": "energy",
  "auto_attack": true,
  "base_spec": "/pa/tools/base_bomb_bay/base_bomb_bay.json",
  "carpet_fire": true,
  "events": {
    "died": {
      "audio_cue": "/SE/Impacts/shell_artillery",
      "effect_spec": "/pa/effects/specs/default_proj_area_explosion.pfx"
    }
  },
  "firing_standard_deviation": 30,
  "max_range": 35,
  "pitch_range": 180,
  "pitch_rate": 3600,
  "rate_of_fire": 10,
  "spread_fire": false,
  "target_layers": [
    "WL_LandHorizontal",
    "WL_WaterSurface"
  ],
  "yaw_range": 180,
  "yaw_rate": 3600
}