{
  "attachable": {
    "offsets": {
      "head": [
        0,
        0,
        15.6
      ],
      "root": [
        0,
        0,
        0
      ]
    }
  },
  "base_spec": "/pa/units/commanders/tank_base_laser/tank_base.json",
  "description": "Tank Banditks Commander ",
  "display_name": "Banditks Commander",
  "headlights": [
    {
      "bone": "bone_spine",
      "color": [
        1.0,
        1.0,
        1.0
      ],
      "far_distance": 30.0,
      "gobo": "/pa/effects/textures/gobo/spotlight_gobo.papa",
      "intensity": 6.0,
      "near_distance": 3.0,
      "near_height": 5.0,
      "near_width": 5.0,
      "offset": [
        0,
        -2.215,
        3.802
      ],
      "orientation": [
        0.0,
        45.0,
        0.0
      ],
      "shadow_resolution": 128
    }
  ],
  "lamps": [
    {
      "bone": "bone_spine",
      "color": [
        1.0,
        1.0,
        1.0
      ],
      "intensity": 5.0,
      "offset": [
        0,
        0.169,
        1.394
      ],
      "radius": 2.0
    },
    {
      "bone": "bone_leftShoulder",
      "color": [
        0.4,
        1.0,
        0.01
      ],
      "intensity": 2.0,
      "offset": [
        0.4,
        -4.06,
        -1.1
      ],
      "radius": 4.0
    }
  ],
  "mesh_bounds": [
    11.1,
    9.8,
    15.4
  ],
  "model": {
    "filename": "/pa/units/commanders/tank_banditks/tank_banditks.papa"
  },
  "scrolling_uv": {
    "scroll_rate": -0.31,
    "uv_split": 0.9
  }
}