{
  "audio": {
    "loops": {
      "move": {
        "cue": "/SE/Movement/air/air_gunship_loop",
        "flag": "vel_changed",
        "should_start_func": "is_moving",
        "should_stop_func": "is_not_moving"
      }
    }
  },
  "base_spec": "/pa/units/air/base_flyer/base_flyer.json",
  "build_metal_cost": 300,
  "description": "Dragonfly: Analysis: Gunship: Slow, heavily armored airship with anti-land and anti-ship lasers and an anti-everything missile.",
  "display_group": 100,
  "display_index": 80,
  "display_name": "Dragonfly",
  "events": {
    "build_complete": {
      "audio_cue": "/SE/Build_Complete/air"
    },
    "died": {
      "audio_cue": "/SE/Death/Air",
      "effect_spec": "/pa/units/air/missile_nuke/missile_nuke_implosion.pfx"
    },
    "fired1": {
      "audio_cue": "/SE/Weapons/bot/sniper_fire",
      "effect_spec": "/pa/effects/specs/tank_muzzle_flash.pfx socket_rightMuzzle /pa/effects/specs/tank_muzzle_flash.pfx socket_leftMuzzle"
    },
    "fired2": {
      "audio_cue": "/SE/Weapons/air/fighter_fire",
      "effect_spec": "/pa/units/air/gunship/gunship_muzzle_flash.pfx socket_topMuzzle"
    }
  },
  "fx_offsets": [
    {
      "bone": "bone_turret",
      "filename": "/pa/units/air/fabrication_aircraft/fabrication_aircraft_jets.pfx",
      "offset": [
        0,
        -2.47,
        0
      ],
      "orientation": [
        0,
        90,
        0
      ],
      "type": "moving"
    },
    {
      "bone": "bone_leftWing",
      "filename": "/pa/units/air/fabrication_aircraft/fabrication_aircraft_jets.pfx",
      "offset": [
        1.449,
        0,
        -1.536
      ],
      "orientation": [
        0,
        90,
        0
      ],
      "type": "moving"
    },
    {
      "bone": "bone_rightWing",
      "filename": "/pa/units/air/fabrication_aircraft/fabrication_aircraft_jets.pfx",
      "offset": [
        -1.449,
        0,
        -1.536
      ],
      "orientation": [
        0,
        90,
        0
      ],
      "type": "moving"
    }
  ],
  "guard_layer": "WL_Anysurface",
  "guard_radius": 100,
  "max_health": 450,
  "model": {
    "animations": {
      "aim_down": "/pa/units/air/gunship/gunship_anim_aimDown.papa",
      "aim_up": "/pa/units/air/gunship/gunship_anim_aimUp.papa",
      "fly": "/pa/units/air/gunship/gunship_anim_fly.papa"
    },
    "animtree": "/pa/anim/anim_trees/gunship_anim_tree.json",
    "filename": "/pa/units/air/gunship_basic/gunship_basic.papa"
  },
  "navigation": {
    "acceleration": 120,
    "aggressive_behavior": "circle",
    "aggressive_distance": 80.0,
    "bank_factor": 1,
    "brake": 60,
    "circle_max_time": 3.0,
    "circle_min_time": 2.0,
    "hover_time": -1.0,
    "move_speed": 20,
    "turn_speed": 120,
    "type": "air",
    "vertical_speed": 30
  },
  "physics": {
    "push_class": 2,
    "radius": 6
  },
  "recon": {
    "observer": {
      "items": [
        {
          "channel": "sight",
          "layer": "surface_and_air",
          "radius": 100,
          "shape": "capsule"
        }
      ]
    }
  },
  "spawn_layers": "WL_AnyHorizontalGroundOrWaterSurface",
  "tools": [
    {
      "aim_bone": "bone_pitch",
      "fire_event": "fired2",
      "muzzle_bone": [
        "socket_topMuzzle"
      ],
      "spec_id": "/pa/units/air/gunship_basic/gunship_tool_weapon.json"
    },
    {
      "aim_bone": "bone_rightRecoil",
      "fire_event": "fired1",
      "muzzle_bone": "socket_rightMuzzle",
      "spec_id": "/pa/units/air/gunship_basic/gunship_tool_gun.json"
    },
    {
      "aim_bone": "bone_leftRecoil",
      "fire_event": "fired1",
      "muzzle_bone": "socket_leftMuzzle",
      "spec_id": "/pa/units/air/gunship_basic/gunship_tool_gun.json"
    }
  ],
  "unit_types": [
    "UNITTYPE_Gunship",
    "UNITTYPE_Air",
    "UNITTYPE_Mobile",
    "UNITTYPE_Basic",
    "UNITTYPE_FactoryBuild"
  ]
}