{"base_spec":"/pa/units/land/base_vehicle/base_vehicle.json","display_name":"Spinner","description":"AA: Anti-air missiles","display_group":60,"display_index":80,"max_health":160,"build_metal_cost":150,"attachable":{"offsets":{"root":[0,0,0],"head":[0,1,4.1]}},"unit_types":["UNITTYPE_Tank","UNITTYPE_Mobile","UNITTYPE_AirDefense","UNITTYPE_Land","UNITTYPE_Basic","UNITTYPE_FactoryBuild"],"transportable":{"size":1},"guard_radius":120,"guard_layer":"WL_Air","navigation":{"type":"land-small","acceleration":100,"brake":100,"move_speed":10,"turn_speed":180},"physics":{"radius":3.5,"push_class":55},"recon":{"observer":{"items":[{"layer":"surface_and_air","channel":"sight","shape":"capsule","radius":100}]}},"model":{"filename":"/pa/units/land/aa_missile_vehicle/aa_missile_vehicle.papa","animations":{"run":"/pa/units/land/aa_missile_vehicle/aa_missile_vehicle_anim_run.papa"},"walk_speed":7,"animtree":"/pa/anim/anim_trees/aa_missile_vehicle.json"},"nearby_target_tick_update_interval":3,"tools":[{"spec_id":"/pa/units/land/aa_missile_vehicle/aa_missile_vehicle_tool_weapon.json","aim_bone":"bone_pivot","muzzle_bone":"bone_pivot"}],"events":{"build_complete":{"audio_cue":"/SE/Build_Complete/veh"},"firing":{"audio_cue":"/SE/Weapons/veh/aa_missile_vehicle_fire","effect_spec":"/pa/effects/specs/default_muzzle_flash.pfx socket_muzzle"},"died":{"audio_cue":"/SE/Death/Veh","effect_scale":0.7}},"audio":{"loops":{"move":{"cue":"/SE/Movement/veh/aa_missile_vehicle_loop","flag":"vel_changed","should_start_func":"is_moving","should_stop_func":"is_not_moving"}}},"TEMP_texelinfo":6.12932}