{
  "TEMP_texelinfo": 32.6108,
  "area_build_type": "Line",
  "atrophy_cool_down": 30.0,
  "atrophy_rate": 70.0,
  "base_spec": "/pa/units/land/base_structure/base_structure.json",
  "build_metal_cost": 3500,
  "description": "Heavy Energy: Produces energy inefficiently. Heavy armor.",
  "display_group": 80,
  "display_index": 65,
  "display_name": "Heavy Energy Plant",
  "events": {
    "build_complete": {
      "audio_cue": "/SE/Build_Complete/energy"
    },
    "died": {
      "audio_cue": "/SE/Death/Factory",
      "effect_scale": 0.75
    }
  },
  "fx_offsets": [
    {
      "filename": "/pa/units/land/energy_plant_adv/energy_plant_adv_idle.pfx",
      "offset": [
        0,
        0,
        6.7
      ],
      "type": "idle"
    }
  ],
  "headlights": [
    {
      "color": [
        1.0,
        1.0,
        1.0
      ],
      "far_distance": 25.0,
      "gobo": "/pa/effects/textures/gobo/spotlight_gobo.papa",
      "intensity": 1.0,
      "near_distance": 2.0,
      "near_height": 4.4,
      "near_width": 4.4,
      "offset": [
        7.25,
        7.25,
        8.0
      ],
      "orientation": [
        35.25,
        -30.0,
        125.25
      ]
    },
    {
      "color": [
        1.0,
        1.0,
        1.0
      ],
      "far_distance": 25.0,
      "gobo": "/pa/effects/textures/gobo/spotlight_gobo.papa",
      "intensity": 1.0,
      "near_distance": 2.0,
      "near_height": 4.4,
      "near_width": 4.4,
      "offset": [
        7.25,
        -7.25,
        8.0
      ],
      "orientation": [
        35.25,
        30.0,
        54.75
      ]
    },
    {
      "color": [
        1.0,
        1.0,
        1.0
      ],
      "far_distance": 25.0,
      "gobo": "/pa/effects/textures/gobo/spotlight_gobo.papa",
      "intensity": 1.0,
      "near_distance": 2.0,
      "near_height": 4.4,
      "near_width": 4.4,
      "offset": [
        -7.25,
        -7.25,
        8.0
      ],
      "orientation": [
        -35.25,
        30.0,
        -54.75
      ]
    },
    {
      "color": [
        1.0,
        1.0,
        1.0
      ],
      "far_distance": 25.0,
      "gobo": "/pa/effects/textures/gobo/spotlight_gobo.papa",
      "intensity": 1.0,
      "near_distance": 2.0,
      "near_height": 4.4,
      "near_width": 4.4,
      "offset": [
        -7.25,
        7.25,
        8.0
      ],
      "orientation": [
        -35.25,
        -30.0,
        -125.25
      ]
    }
  ],
  "lamps": [
    {
      "color": [
        1.0,
        1.0,
        1.0
      ],
      "intensity": 2.0,
      "offset": [
        7.25,
        7.25,
        8.0
      ],
      "radius": 3.0
    },
    {
      "color": [
        1.0,
        1.0,
        1.0
      ],
      "intensity": 2.0,
      "offset": [
        7.25,
        -7.25,
        8.0
      ],
      "radius": 3.0
    },
    {
      "color": [
        1.0,
        1.0,
        1.0
      ],
      "intensity": 2.0,
      "offset": [
        -7.25,
        -7.25,
        8.0
      ],
      "radius": 3.0
    },
    {
      "color": [
        1.0,
        1.0,
        1.0
      ],
      "intensity": 2.0,
      "offset": [
        -7.25,
        7.25,
        8.0
      ],
      "radius": 3.0
    },
    {
      "bone": "bone_rotor02",
      "color": [
        1.0,
        1.0,
        1.0
      ],
      "intensity": 1.0,
      "offset": [
        0.0,
        -4.15,
        2.3
      ],
      "radius": 4.5
    },
    {
      "bone": "bone_rotor02",
      "color": [
        1.0,
        1.0,
        1.0
      ],
      "intensity": 1.0,
      "offset": [
        -3.59,
        2.08,
        2.3
      ],
      "radius": 4.5
    },
    {
      "bone": "bone_rotor02",
      "color": [
        1.0,
        1.0,
        1.0
      ],
      "intensity": 1.0,
      "offset": [
        3.59,
        2.08,
        2.3
      ],
      "radius": 4.5
    },
    {
      "color": [
        1.0,
        0.0,
        0.0
      ],
      "intensity": 2.0,
      "offset": [
        0.0,
        7.43,
        22.97
      ],
      "radius": 4.0
    }
  ],
  "max_health": 12500,
  "mesh_bounds": [
    20,
    20,
    25.4398
  ],
  "model": [
    {
      "animations": {
        "idle": "/pa/units/land/energy_plant_adv/energy_plant_adv_anim_work.papa"
      },
      "animtree": "/pa/anim/anim_trees/constant_idle_anim_tree.json",
      "filename": "/pa/units/land/energy_plant_adv/energy_plant_adv.papa",
      "layer": "WL_LandHorizontal",
      "skirt_decal": "/pa/effects/specs/skirt_energy_adv.json"
    },
    {
      "animations": {
        "idle": "/pa/units/land/energy_plant_adv/energy_plant_adv_anim_work.papa"
      },
      "animtree": "/pa/anim/anim_trees/constant_idle_anim_tree.json",
      "filename": "/pa/units/sea/sea_energy_plant_adv/sea_energy_plant_adv.papa",
      "layer": "WL_WaterSurface"
    }
  ],
  "production": {
    "energy": 5000
  },
  "recon": {
    "observer": {
      "items": [
        {
          "channel": "sight",
          "layer": "surface_and_air",
          "radius": 100,
          "shape": "capsule"
        }
      ]
    }
  },
  "spawn_layers": "WL_AnyHorizontalGroundOrWaterSurface",
  "unit_types": [
    "UNITTYPE_Structure",
    "UNITTYPE_EnergyProduction",
    "UNITTYPE_Advanced",
    "UNITTYPE_FabAdvBuild",
    "UNITTYPE_Economy"
  ]
}
