{
  "build_list": [
    {
      "build_conditions": [
        [
          {
            "string0": "OrbitalLauncher",
            "test_type": "CanAffordPotentialDrain"
          },
          {
            "boolean": false,
            "test_type": "WantCommanderOffPlanet"
          },
          {
            "test_type": "NeedOrbitalLauncher"
          },
          {
            "compare0": ">=",
            "test_type": "UnitCountOnPlanet",
            "unit_type_string0": "(Factory & Advanced) - Orbital - Nuke - NukeDefense",
            "value0": 1
          },
          {
            "string0": "OrbitalLauncher",
            "test_type": "CanFindPlaceToBuild"
          }
        ],
        [
          {
            "string0": "OrbitalLauncher",
            "test_type": "CanAffordPotentialDrain"
          },
          {
            "boolean": true,
            "test_type": "PlanetWithoutPresence"
          },
          {
            "test_type": "NeedOrbitalLauncher"
          },
          {
            "compare0": ">=",
            "test_type": "UnitCountOnPlanet",
            "unit_type_string0": "Factory - Orbital - Nuke - NukeDefense",
            "value0": 2
          },
          {
            "string0": "OrbitalLauncher",
            "test_type": "CanFindPlaceToBuild"
          }
        ]
      ],
      "builders": [
        "AnyBasicFabber",
        "AnyAdvancedFabber"
      ],
      "instance_count": 1,
      "max_num_assisters": 3,
      "name": "Orbital Launcher",
      "placement_rules": {
        "buffer": 5
      },
      "priority": 479,
      "shared_instance_count": "OrbitalLauncher",
      "to_build": "OrbitalLauncher"
    },
    {
      "build_conditions": [
        [
          {
            "string0": "OrbitalLauncher",
            "test_type": "CanAffordPotentialDrain"
          },
          {
            "boolean": true,
            "test_type": "WantCommanderOffPlanet"
          },
          {
            "test_type": "NeedOrbitalLauncher"
          },
          {
            "compare0": ">=",
            "test_type": "UnitCountOnPlanet",
            "unit_type_string0": "Factory - Orbital - Nuke - NukeDefense",
            "value0": 2
          },
          {
            "compare0": "<",
            "test_type": "UnitCountOnPlanet",
            "unit_type_string0": "Orbital & Factory & Land",
            "value0": 1
          },
          {
            "string0": "OrbitalLauncher",
            "test_type": "CanFindPlaceToBuild"
          }
        ]
      ],
      "builders": [
        "AnyBasicFabber",
        "AnyAdvancedFabber"
      ],
      "instance_count": 1,
      "max_num_assisters": 5,
      "min_num_assisters": 3,
      "name": "Orbital Launcher - Rush",
      "placement_rules": {
        "buffer": 5
      },
      "priority": 479,
      "shared_instance_count": "OrbitalLauncher",
      "to_build": "OrbitalLauncher"
    },
    {
      "build_conditions": [
        [
          {
            "string0": "OrbitalFactory",
            "test_type": "CanAffordPotentialDrain"
          },
          {
            "test_type": "NeedOrbitalFactory"
          },
          {
            "string0": "OrbitalFactory",
            "test_type": "CanFindPlaceToBuild"
          }
        ]
      ],
      "builders": [
        "OrbitalFabber"
      ],
      "instance_count": 1,
      "max_num_assisters": 3,
      "name": "Orbital Factory",
      "placement_rules": {
        "buffer": 5
      },
      "priority": 479,
      "to_build": "OrbitalFactory"
    },
    {
      "build_conditions": [
        [
          {
            "test_type": "CanAffordBuildDemand"
          },
          {
            "compare0": ">",
            "string0": "Orbital",
            "test_type": "SystemThreat",
            "value0": 0
          },
          {
            "compare0": "<",
            "test_type": "UnitCountInBase",
            "unit_type_string0": "Orbital & OrbitalDefense",
            "value0": 4
          },
          {
            "compare0": ">=",
            "test_type": "UnitCountInBase",
            "unit_type_string0": "Structure & ((EnergyProduction & Advanced) | Factory)",
            "value0": 3
          },
          {
            "string0": "DefenseSatellite",
            "test_type": "CanFindPlaceToBuild"
          }
        ]
      ],
      "builders": [
        "OrbitalFabber"
      ],
      "instance_count": 1,
      "name": "Defense Satellite",
      "placement_rules": {
        "placement_type": "FromMainBaseCenter",
        "unit_count_rules": [
          {
            "alliance": "Ally",
            "compare_type": ">=",
            "count": 1,
            "range": 50,
            "unit_type_string": "Orbital & (EnergyProduction | Recon)"
          },
          {
            "alliance": "Ally",
            "compare_type": "<",
            "count": 1,
            "range": 20,
            "unit_type_string": "Orbital & OrbitalDefense"
          }
        ]
      },
      "priority": 196,
      "to_build": "DefenseSatellite"
    },
    {
      "build_conditions": [
        [
          {
            "boolean": true,
            "test_type": "AloneOnPlanet"
          },
          {
            "test_type": "CanAffordBuildDemand"
          },
          {
            "compare0": ">=",
            "test_type": "UnitCountOnPlanet",
            "unit_type_string0": "Factory - Orbital",
            "value0": 1
          },
          {
            "boolean": true,
            "test_type": "PlanetCanBeUsedAsWeapon"
          },
          {
            "boolean": false,
            "test_type": "HaveThrustToMovePlanet"
          },
          {
            "string0": "PlanetEngine",
            "test_type": "CanFindPlaceToBuild"
          }
        ]
      ],
      "builders": [
        "AnyAdvancedFabber"
      ],
      "instance_count": 1,
      "max_num_assisters": 45,
      "min_num_assisters": 8,
      "name": "Delta V Engine",
      "placement_rules": {
        "buffer": 5
      },
      "priority": 515,
      "to_build": "PlanetEngine"
    },
    {
      "build_conditions": [
        [
          {
            "boolean": true,
            "test_type": "PlanetWithoutPresence"
          },
          {
            "boolean": false,
            "test_type": "WantCommanderOffPlanet"
          },
          {
            "compare0": ">=",
            "test_type": "UnitCountOnPlanet",
            "unit_type_string0": "Fabber",
            "value0": 2
          },
          {
            "compare0": ">=",
            "test_type": "UnitPoolCount",
            "unit_type_string0": "Orbital & Transport",
            "value0": 1
          }
        ]
      ],
      "builders": [
        "BasicBotFabber",
        "BasicVehicleFabber",
        "BasicAirFabber",
        "AdvancedBotFabber",
        "AdvancedVehicleFabber",
        "AdvancedAirFabber"
      ],
      "instance_count": 1,
      "name": "Move Fabber To Planet",
      "priority": 800,
      "task_type": "TransportToPlanet"
    }
  ]
}