{
  "TEMP_texelinfo": 10.4837,
  "attachable": {
    "offsets": {
      "root": [
        0,
        0,
        0
      ]
    }
  },
  "audio": {
    "loops": {
      "move": {
        "cue": "/SE/Movement/air/air_gunship_loop",
        "flag": "vel_changed",
        "should_start_func": "is_moving",
        "should_stop_func": "is_not_moving"
      }
    }
  },
  "base_spec": "/pa/units/air/base_flyer/base_flyer.json",
  "build_metal_cost": 400,
  "command_caps": [
    "ORDER_Move",
    "ORDER_Patrol",
    "ORDER_Assist",
    "ORDER_Load",
    "ORDER_Unload",
    "ORDER_Use"
  ],
  "description": "Osprey: Analysis: Advanced Air Transport: Load ten units for rapid long distance travel.",
  "display_name": "Osprey",
  "events": {
    "build_complete": {
      "audio_cue": "/SE/Build_Complete/air"
    },
    "child_attached": {
      "audio_cue": "/SE/Movement/air/transport_load"
    },
    "child_detached": {
      "audio_cue": "/SE/Movement/air/transport_unload"
    },
    "died": {
      "audio_cue": "/SE/Death/Air",
      "effect_spec": "/pa/units/air/missile_nuke/missile_nuke_implosion.pfx"
    }
  },
  "fx_offsets": [
    {
      "bone": "bone_leftWing",
      "filename": "/pa/units/air/gunship/gunship_jets.pfx",
      "offset": [
        0,
        0,
        -1.686
      ],
      "orientation": [
        0,
        90,
        0
      ],
      "type": "idle"
    },
    {
      "bone": "bone_rightWing",
      "filename": "/pa/units/air/gunship/gunship_jets.pfx",
      "offset": [
        0,
        0,
        -1.686
      ],
      "orientation": [
        0,
        90,
        0
      ],
      "type": "idle"
    },
    {
      "bone": "bone_turret",
      "filename": "/pa/units/air/transport_large/transport_large_jets.pfx",
      "offset": [
        0,
        1.418,
        0.5
      ],
      "type": "moving_forward"
    }
  ],
  "max_health": 250,
  "model": {
    "animations": {
      "fly": "/pa/units/air/transport/transport_anim_fly.papa"
    },
    "animtree": "/pa/anim/anim_trees/transport_anim_tree.json",
    "filename": "/pa/units/air/transport/transport.papa"
  },
  "navigation": {
    "acceleration": 5,
    "brake": 5,
    "hover_time": -1.0,
    "move_speed": 30,
    "turn_speed": 100,
    "type": "air",
    "vertical_speed": 150
  },
  "physics": {
    "gravity_scalar": 0.001,
    "push_class": 15,
    "radius": 5
  },
  "recon": {
    "observer": {
      "items": [
        {
          "channel": "sight",
          "layer": "surface_and_air",
          "radius": 70,
          "shape": "capsule"
        }
      ]
    }
  },
  "transporter": {
    "capacity": 10,
    "transportable_attach_offset": "head",
    "transporter_attach_bone": "bone_payload"
  },
  "unit_types": [
    "UNITTYPE_Air",
    "UNITTYPE_Mobile",
    "UNITTYPE_Transport",
    "UNITTYPE_Advanced",
    "UNITTYPE_FactoryBuild"
  ],
  "usable": true,
  "useable": {
    "range": 10,
    "type": "transport"
  }
}