{"ammo_type":"Projectile","build_metal_cost":32400,"flight_type":"Staged","interplanetary_type":"INTER_GravWell","damage":11000,"splash_damage":11000,"splash_radius":150,"full_damage_splash_radius":30,"splash_damages_allies":true,"cruise_height":100,"initial_velocity":40.0,"max_velocity":75.0,"turn_rate":180,"lifetime":0,"show_strategic_icon":true,"show_in_orbital_layer":true,"system_velocity_multiplier":15.0,"gravwell_velocity_multiplier":15.0,"spawn_layers":"WL_Air","sim_impact_effect":"/pa/effects/specs/default_commander_explosion_ent.json","model":{"filename":"/pa/units/air/missile_nuke_interplanetary/missile_nuke_interplanetary.papa"},"collision_check":"ground","physics":{"radius":10,"push_class":1,"gravity_scalar":3,"ignore_gravity":true,"add_to_spatial_db":true,"allow_underground":true},"fx_trail":{"filename":"/pa/effects/specs/nuke_proj_trail.pfx","offset":[0.0,7.427,0.0]},"audio_loop":"/SE/Movement/missile/nuke_missile_fly_loop","stages":[{"ignores_gravity":true,"ignores_LOS":true,"stage_duration":600,"stage_turn_rate":0,"rotates_to_velocity":true},{"ignores_gravity":true,"ignores_LOS":true,"stage_duration":0,"stage_turn_rate":90,"stage_change_range":75,"rotates_to_velocity":true},{"ignores_gravity":false,"ignores_LOS":false,"stage_duration":5000,"stage_turn_rate":360,"rotates_to_velocity":true},{"ignores_gravity":false,"ignores_LOS":false,"stage_duration":5000,"stage_turn_rate":1080,"rotates_to_velocity":true}]}