{
  "build_list": [
    {
      "build_conditions": [
        [
          {
            "compare0": "<",
            "test_type": "UnitCountOnPlanet",
            "unit_type_string0": "Air & Factory",
            "value0": 1
          },
          {
            "compare0": ">=",
            "test_type": "UnitPoolCount",
            "unit_type_string0": "Land & Scout",
            "value0": 1
          }
        ]
      ],
      "instance_count": -1,
      "name": "Land Scout Platoon",
      "priority": 100,
      "task_type": "Scout",
      "to_build": "Land_Scout"
    },
    {
      "build_conditions": [
        [
          {
            "boolean": true,
            "test_type": "OtherPlanetNeedsLandUnitAssistance"
          },
          {
            "boolean": true,
            "test_type": "CanProvideLandUnitAssistance"
          },
          {
            "compare0": ">=",
            "test_type": "UnitPoolCount",
            "unit_type_string0": "((Tank | Bot) & Mobile) - Fabber - AirDefense - Construction",
            "value0": 5
          }
        ]
      ],
      "instance_count": 1,
      "name": "Land Transfer To Planet",
      "priority": 105,
      "task_type": "TeleportLandToPlanet",
      "to_build": "Land_Attack_XLarge"
    },
    {
      "build_conditions": [
        [
          {
            "compare0": ">=",
            "test_type": "UnitPoolCount",
            "unit_type_string0": "((Tank | Bot) & Mobile) - Fabber - AirDefense - Construction",
            "value0": 1
          },
          {
            "string0": "land_attack",
            "string1": "WL_AnySurface",
            "string2": "WL_AnySurface",
            "test_type": "CanAttackWithPoolUnits",
            "unit_type_string0": "Mobile | Structure"
          }
        ]
      ],
      "instance_count": -1,
      "name": "Land Attack Platoon Small",
      "priority": 104,
      "task_type": "LandAttack",
      "to_build": "Land_Attack_Small"
    },
    {
      "build_conditions": [
        [
          {
            "compare0": ">=",
            "test_type": "UnitPoolCount",
            "unit_type_string0": "((Tank | Bot) & Mobile) - Fabber - AirDefense - Construction",
            "value0": 4
          },
          {
            "string0": "land_attack",
            "string1": "WL_AnySurface",
            "string2": "WL_AnySurface",
            "test_type": "CanAttackWithPoolUnits",
            "unit_type_string0": "Mobile | Structure"
          }
        ]
      ],
      "instance_count": -1,
      "name": "Land Attack Platoon Medium",
      "priority": 103,
      "task_type": "LandAttack",
      "to_build": "Land_Attack_Medium"
    },
    {
      "build_conditions": [
        [
          {
            "compare0": ">=",
            "test_type": "UnitPoolCount",
            "unit_type_string0": "((Tank | Bot) & Mobile) - Fabber - AirDefense - Construction",
            "value0": 10
          },
          {
            "string0": "land_attack",
            "string1": "WL_AnySurface",
            "string2": "WL_AnySurface",
            "test_type": "CanAttackWithPoolUnits",
            "unit_type_string0": "Mobile | Structure"
          }
        ]
      ],
      "instance_count": -1,
      "name": "Land Attack Platoon Large",
      "priority": 102,
      "task_type": "LandAttack",
      "to_build": "Land_Attack_Large"
    },
    {
      "build_conditions": [
        [
          {
            "compare0": ">=",
            "test_type": "UnitPoolCount",
            "unit_type_string0": "((Tank | Bot) & Mobile) - Fabber - AirDefense - Construction",
            "value0": 20
          },
          {
            "string0": "land_attack",
            "string1": "WL_AnySurface",
            "string2": "WL_AnySurface",
            "test_type": "CanAttackWithPoolUnits",
            "unit_type_string0": "Mobile | Structure"
          }
        ]
      ],
      "instance_count": -1,
      "name": "Land Attack Platoon XLarge",
      "priority": 101,
      "task_type": "LandAttack",
      "to_build": "Land_Attack_XLarge"
    },
    {
      "build_conditions": [
        [
          {
            "compare0": ">=",
            "test_type": "UnitPoolCount",
            "unit_type_string0": "((Tank | Bot) & Mobile) - Fabber - AirDefense - Construction",
            "value0": 40
          },
          {
            "string0": "land_attack",
            "string1": "WL_AnySurface",
            "string2": "WL_AnySurface",
            "test_type": "CanAttackWithPoolUnits",
            "unit_type_string0": "Mobile | Structure"
          }
        ]
      ],
      "instance_count": -1,
      "name": "Land Attack Platoon Max",
      "priority": 100,
      "task_type": "LandAttack",
      "to_build": "Land_Attack_Max"
    }
  ]
}