{
  "TEMP_texelinfo": 10.3794,
  "attachable": {
    "offsets": {
      "head": [
        0,
        0,
        2.7
      ],
      "root": [
        0,
        0,
        0
      ]
    }
  },
  "audio": {
    "loops": {
      "move": {
        "cue": "/SE/Movement/veh/tank_leveler_loop_T2",
        "flag": "vel_changed",
        "should_start_func": "is_moving",
        "should_stop_func": "is_not_moving"
      }
    }
  },
  "base_spec": "/pa/units/land/base_vehicle/base_vehicle.json",
  "build_metal_cost": 1000,
  "description": "Obliterator: Analysis: Heavy Tank: Heavy anti-land and anti-ship AoE cannons, amphibious. Long reload time. Slow.",
  "display_group": 40,
  "display_index": 100,
  "display_name": "Obliterator",
  "events": {
    "build_complete": {
      "audio_cue": "/SE/Build_Complete/veh"
    },
    "died": {
      "audio_cue": "/SE/Death/Veh",
      "effect_scale": 1.6
    },
    "fired": {
      "audio_cue": "/SE/Weapons/sea/T2_battleship_fire",
      "effect_spec": "/pa/effects/specs/tank_muzzle_flash.pfx socket_muzzle"
    }
  },
  "guard_layer": "WL_AnySurface",
  "guard_radius": 125,
  "max_health": 2500,
  "model": {
    "animtree": "/pa/anim/anim_trees/turret_anim_tree.json",
    "arrows": 5,
    "filename": "/pa/units/land/tank_amphibious_adv/tank_amphibious.papa"
  },
  "navigation": {
    "acceleration": 2,
    "brake": 70,
    "dodge_multiplier": 1,
    "dodge_radius": 15,
    "move_speed": 6,
    "turn_speed": 60,
    "type": "amphibious",
    "wobble_factor": 0.1,
    "wobble_speed": 0.2
  },
  "physics": {
    "push_class": 2,
    "radius": 5
  },
  "recon": {
    "observer": {
      "items": [
        {
          "channel": "sight",
          "layer": "surface_and_air",
          "radius": 100,
          "shape": "capsule"
        }
      ]
    }
  },
  "tools": [
    {
      "aim_bone": "socket_aim",
      "muzzle_bone": "socket_muzzle",
      "spec_id": "/pa/units/land/tank_amphibious_adv/tank_amphibious_adv_tool_weapon.json"
    }
  ],
  "transportable": {
    "size": 1
  },
  "unit_types": [
    "UNITTYPE_Tank",
    "UNITTYPE_Mobile",
    "UNITTYPE_Land",
    "UNITTYPE_Advanced",
    "UNITTYPE_FactoryBuild",
    "UNITTYPE_Custom3"
  ]
}