{
  "build_list": [
    {
      "base_sort": "FromBuilder",
      "build_conditions": [
        [
          {
            "compare0": "<",
            "test_type": "PotentialMetalEfficiency",
            "value0": 1.0
          },
          {
            "boolean": true,
            "test_type": "CanFindMetalSpotToBuildBasic"
          },
          {
            "compare0": ">",
            "test_type": "UnitCountOnPlanet",
            "unit_type_string0": "Structure & Factory & Construction - Orbital",
            "value0": 0
          }
        ]
      ],
      "builders": [
        "AnyBasicFabber"
      ],
      "instance_count": 2,
      "name": "Basic Metal Extractor - Area",
      "placement_rules": {
        "placement_type": "FromMainBaseCenter",
        "threat": {
          "compare_type": "<",
          "influence_type": "AntiSurface",
          "radius": 10,
          "value": 50
        }
      },
      "priority": 261,
      "shared_instance_count": "BasicMetal",
      "task_type": "AreaBuild",
      "to_build": "BasicMetalExtractor"
    },
    {
      "base_sort": "FromBuilder",
      "build_conditions": [
        [
          {
            "test_type": "DesireMetal"
          },
          {
            "boolean": true,
            "test_type": "CanFindMetalSpotToBuildBasic"
          },
          {
            "compare0": ">",
            "test_type": "UnitCountOnPlanet",
            "unit_type_string0": "Structure & Factory & Construction - Orbital",
            "value0": 0
          }
        ]
      ],
      "builders": [
        "AnyBasicFabber"
      ],
      "instance_count": 2,
      "name": "Basic Metal Extractor - Desire - Area",
      "placement_rules": {
        "placement_type": "FromMainBaseCenter",
        "threat": {
          "compare_type": "<",
          "influence_type": "AntiSurface",
          "radius": 10,
          "value": 50
        }
      },
      "priority": 501,
      "shared_instance_count": "BasicMetal",
      "task_type": "AreaBuild",
      "to_build": "BasicMetalExtractor"
    },
    {
      "base_sort": "FromBuilder",
      "build_conditions": [
        [
          {
            "test_type": "CanAffordBuildDemand"
          },
          {
            "boolean": true,
            "test_type": "CanFindMetalSpotToBuildBasic"
          },
          {
            "compare0": ">",
            "test_type": "UnitCountOnPlanet",
            "unit_type_string0": "Structure & Factory & Construction - Orbital",
            "value0": 0
          }
        ]
      ],
      "builders": [
        "AnyBasicFabber"
      ],
      "instance_count": 2,
      "name": "Basic Metal Extractor - Expand - Area",
      "placement_rules": {
        "placement_type": "FromMainBaseCenter",
        "threat": {
          "compare_type": "<",
          "influence_type": "AntiSurface",
          "radius": 10,
          "value": 50
        }
      },
      "priority": 260,
      "shared_instance_count": "BasicMetal",
      "task_type": "AreaBuild",
      "to_build": "BasicMetalExtractor"
    },
    {
      "base_sort": "FromBuilder",
      "build_conditions": [
        [
          {
            "test_type": "CanAffordBuildDemand"
          },
          {
            "boolean": true,
            "test_type": "CanFindMetalSpotToBuildBasic"
          },
          {
            "compare0": ">",
            "test_type": "UnitCountOnPlanet",
            "unit_type_string0": "Structure & Factory & Construction - Orbital",
            "value0": 0
          }
        ]
      ],
      "builders": [
        "AnyBasicFabber"
      ],
      "instance_count": 2,
      "name": "Basic Metal Extractor - Expand 2 - Area",
      "placement_rules": {
        "placement_type": "FromMainBaseCenter",
        "threat": {
          "compare_type": "<",
          "influence_type": "AntiSurface",
          "radius": 10,
          "value": 50
        }
      },
      "priority": 2,
      "shared_instance_count": "BasicMetal",
      "task_type": "AreaBuild",
      "to_build": "BasicMetalExtractor"
    },
    {
      "base_sort": "FromBuilder",
      "build_conditions": [
        [
          {
            "compare0": "<",
            "test_type": "PotentialMetalEfficiency",
            "value0": 1.0
          },
          {
            "boolean": true,
            "test_type": "CanFindMetalSpotToBuildBasic"
          }
        ]
      ],
      "builders": [
        "AnyBasicFabber"
      ],
      "instance_count": 2,
      "name": "Basic Metal Extractor",
      "placement_rules": {
        "placement_type": "FromMainBaseCenter",
        "threat": {
          "compare_type": "<",
          "influence_type": "AntiSurface",
          "radius": 10,
          "value": 50
        }
      },
      "priority": 261,
      "shared_instance_count": "BasicMetal",
      "to_build": "BasicMetalExtractor"
    },
    {
      "base_sort": "FromBuilder",
      "build_conditions": [
        [
          {
            "test_type": "DesireMetal"
          },
          {
            "boolean": true,
            "test_type": "CanFindMetalSpotToBuildBasic"
          }
        ]
      ],
      "builders": [
        "AnyBasicFabber"
      ],
      "instance_count": 2,
      "name": "Basic Metal Extractor - Desire",
      "placement_rules": {
        "placement_type": "FromMainBaseCenter",
        "threat": {
          "compare_type": "<",
          "influence_type": "AntiSurface",
          "radius": 10,
          "value": 50
        }
      },
      "priority": 501,
      "shared_instance_count": "BasicMetal",
      "to_build": "BasicMetalExtractor"
    },
    {
      "base_sort": "FromBuilder",
      "build_conditions": [
        [
          {
            "test_type": "CanAffordBuildDemand"
          },
          {
            "boolean": true,
            "test_type": "CanFindMetalSpotToBuildBasic"
          }
        ]
      ],
      "builders": [
        "AnyBasicFabber"
      ],
      "instance_count": 2,
      "name": "Basic Metal Extractor - Expand",
      "placement_rules": {
        "placement_type": "FromMainBaseCenter",
        "threat": {
          "compare_type": "<",
          "influence_type": "AntiSurface",
          "radius": 10,
          "value": 50
        }
      },
      "priority": 260,
      "shared_instance_count": "BasicMetal",
      "to_build": "BasicMetalExtractor"
    },
    {
      "base_sort": "FromBuilder",
      "build_conditions": [
        [
          {
            "test_type": "CanAffordBuildDemand"
          },
          {
            "boolean": true,
            "test_type": "CanFindMetalSpotToBuildBasic"
          }
        ]
      ],
      "builders": [
        "AnyBasicFabber"
      ],
      "instance_count": 2,
      "name": "Basic Metal Extractor - Expand 2",
      "placement_rules": {
        "placement_type": "FromMainBaseCenter",
        "threat": {
          "compare_type": "<",
          "influence_type": "AntiSurface",
          "radius": 10,
          "value": 50
        }
      },
      "priority": 2,
      "shared_instance_count": "BasicMetal",
      "to_build": "BasicMetalExtractor"
    },
    {
      "build_conditions": [
        [
          {
            "compare0": "<",
            "test_type": "PotentialEnergyEfficiency",
            "value0": 1.0
          },
          {
            "compare0": ">=",
            "test_type": "UnitCount",
            "unit_type_string0": "EnergyProduction & Basic",
            "value0": 10
          },
          {
            "compare0": "<",
            "test_type": "UnitCount",
            "unit_type_string0": "EnergyProduction & Advanced",
            "value0": 1
          },
          {
            "string0": "BasicEnergyGenerator",
            "test_type": "CanFindPlaceToBuild"
          }
        ]
      ],
      "builders": [
        "AnyBasicFabber"
      ],
      "instance_count": 1,
      "max_num_assisters": 1,
      "name": "Basic Energy Generator",
      "placement_rules": {
        "buffer": 6,
        "placement_type": "FromBaseCenter",
        "threat": {
          "compare_type": "<",
          "influence_type": "AntiSurface",
          "radius": 10,
          "value": 50
        }
      },
      "priority": 260,
      "shared_instance_count": "BasicEnergy",
      "to_build": "BasicEnergyGenerator"
    },
    {
      "build_conditions": [
        [
          {
            "test_type": "DesireEnergy"
          },
          {
            "compare0": ">=",
            "test_type": "UnitCount",
            "unit_type_string0": "EnergyProduction & Basic",
            "value0": 10
          },
          {
            "compare0": "<",
            "test_type": "UnitCount",
            "unit_type_string0": "EnergyProduction & Advanced",
            "value0": 1
          },
          {
            "string0": "BasicEnergyGenerator",
            "test_type": "CanFindPlaceToBuild"
          }
        ]
      ],
      "builders": [
        "AnyBasicFabber"
      ],
      "instance_count": 1,
      "max_num_assisters": 3,
      "name": "Basic Energy Generator - Desire",
      "placement_rules": {
        "buffer": 6,
        "placement_type": "FromBaseCenter",
        "threat": {
          "compare_type": "<",
          "influence_type": "AntiSurface",
          "radius": 10,
          "value": 50
        }
      },
      "priority": 500,
      "shared_instance_count": "BasicEnergy",
      "to_build": "BasicEnergyGenerator"
    },
    {
      "base_sort": "FromBuilder",
      "build_conditions": [
        [
          {
            "compare0": "<",
            "test_type": "PotentialMetalEfficiency",
            "value0": 1.0
          },
          {
            "boolean": true,
            "test_type": "CanFindMetalSpotToBuildAdvanced"
          }
        ]
      ],
      "builders": [
        "AnyAdvancedFabber"
      ],
      "instance_count": 1,
      "name": "Advanced Metal Extractor",
      "placement_rules": {
        "placement_type": "FromMainBaseCenter",
        "threat": {
          "compare_type": "<",
          "influence_type": "AntiSurface",
          "radius": 10,
          "value": 50
        }
      },
      "priority": 271,
      "shared_instance_count": "AdvancedMetal",
      "to_build": "AdvancedMetalExtractor"
    },
    {
      "base_sort": "FromBuilder",
      "build_conditions": [
        [
          {
            "test_type": "DesireMetal"
          },
          {
            "boolean": true,
            "test_type": "CanFindMetalSpotToBuildAdvanced"
          }
        ]
      ],
      "builders": [
        "AnyAdvancedFabber"
      ],
      "instance_count": 1,
      "max_num_assisters": 5,
      "min_num_assisters": 2,
      "name": "Advanced Metal Extractor - Desire",
      "placement_rules": {
        "placement_type": "FromMainBaseCenter",
        "threat": {
          "compare_type": "<",
          "influence_type": "AntiSurface",
          "radius": 10,
          "value": 50
        }
      },
      "priority": 511,
      "shared_instance_count": "AdvancedMetal",
      "to_build": "AdvancedMetalExtractor"
    },
    {
      "base_sort": "FromBuilder",
      "build_conditions": [
        [
          {
            "test_type": "CanAffordBuildDemand"
          },
          {
            "boolean": true,
            "test_type": "CanFindMetalSpotToBuildAdvanced"
          }
        ]
      ],
      "builders": [
        "AnyAdvancedFabber"
      ],
      "instance_count": 1,
      "name": "Advanced Metal Extractor - Expand",
      "placement_rules": {
        "placement_type": "FromMainBaseCenter",
        "threat": {
          "compare_type": "<",
          "influence_type": "AntiSurface",
          "radius": 10,
          "value": 50
        }
      },
      "priority": 270,
      "shared_instance_count": "AdvancedMetal",
      "to_build": "AdvancedMetalExtractor"
    },
    {
      "base_sort": "FromBuilder",
      "build_conditions": [
        [
          {
            "test_type": "CanAffordBuildDemand"
          },
          {
            "boolean": true,
            "test_type": "CanFindMetalSpotToBuildAdvanced"
          }
        ]
      ],
      "builders": [
        "AnyAdvancedFabber"
      ],
      "instance_count": 1,
      "name": "Advanced Metal Extractor - Expand 2",
      "placement_rules": {
        "placement_type": "FromMainBaseCenter",
        "threat": {
          "compare_type": "<",
          "influence_type": "AntiSurface",
          "radius": 10,
          "value": 50
        }
      },
      "priority": 2,
      "shared_instance_count": "AdvancedMetal",
      "to_build": "AdvancedMetalExtractor"
    },
    {
      "build_conditions": [
        [
          {
            "compare0": "<",
            "test_type": "PotentialEnergyEfficiency",
            "value0": 1.0
          },
          {
            "string0": "AdvancedEnergyGenerator",
            "test_type": "CanFindPlaceToBuild"
          }
        ]
      ],
      "builders": [
        "AnyAdvancedFabber"
      ],
      "instance_count": 1,
      "name": "Advanced Energy Generator",
      "placement_rules": {
        "buffer": 10,
        "placement_type": "FromBaseCenter",
        "threat": {
          "compare_type": "<",
          "influence_type": "AntiSurface",
          "radius": 10,
          "value": 50
        }
      },
      "priority": 270,
      "shared_instance_count": "AdvancedEnergy",
      "to_build": "AdvancedEnergyGenerator"
    },
    {
      "build_conditions": [
        [
          {
            "test_type": "DesireEnergy"
          },
          {
            "string0": "AdvancedEnergyGenerator",
            "test_type": "CanFindPlaceToBuild"
          }
        ]
      ],
      "builders": [
        "AnyAdvancedFabber"
      ],
      "instance_count": 1,
      "max_num_assisters": 5,
      "min_num_assisters": 2,
      "name": "Advanced Energy Generator - Desire",
      "placement_rules": {
        "buffer": 10,
        "placement_type": "FromBaseCenter",
        "threat": {
          "compare_type": "<",
          "influence_type": "AntiSurface",
          "radius": 10,
          "value": 50
        }
      },
      "priority": 510,
      "shared_instance_count": "AdvancedEnergy",
      "to_build": "AdvancedEnergyGenerator"
    },
    {
      "build_conditions": [
        [
          {
            "compare0": "<",
            "test_type": "EnergyStorageToProductionRatio",
            "value0": 5
          },
          {
            "test_type": "CanAffordBuildDemand"
          },
          {
            "string0": "EnergyStorage",
            "test_type": "CanFindPlaceToBuild"
          }
        ]
      ],
      "builders": [
        "AnyBasicFabber",
        "AnyAdvancedFabber"
      ],
      "instance_count": 1,
      "name": "Energy Storage",
      "placement_rules": {
        "buffer": 10,
        "placement_type": "FromBaseCenter",
        "threat": {
          "compare_type": "<",
          "influence_type": "AntiSurface",
          "radius": 10,
          "value": 50
        }
      },
      "priority": 140,
      "to_build": "EnergyStorage"
    },
    {
      "build_conditions": [
        [
          {
            "compare0": "<",
            "test_type": "MetalStorageToProductionRatio",
            "value0": 6
          },
          {
            "test_type": "CanAffordBuildDemand"
          },
          {
            "string0": "MetalStorage",
            "test_type": "CanFindPlaceToBuild"
          }
        ]
      ],
      "builders": [
        "AnyBasicFabber",
        "AnyAdvancedFabber"
      ],
      "instance_count": 1,
      "name": "Metal Storage",
      "placement_rules": {
        "buffer": 10,
        "placement_type": "FromBaseCenter",
        "threat": {
          "compare_type": "<",
          "influence_type": "AntiSurface",
          "radius": 10,
          "value": 50
        }
      },
      "priority": 140,
      "to_build": "MetalStorage"
    }
  ]
}