{
    "context": "client",
    "identifier": "com.stuart98.stateraicons",
    "display_name": "Statera Icons",
    "description": "Enanbles icons in Statera.",
    "author": "Stuart98, SquishyPon3, ZX0, TheTrophySystem",
    "version": "1.3",
    "signature": "not yet implemented",
    "priority": 100,
    "icon": "http://i.imgur.com/TVTnULX.jpg?2",
    "enabled": true,
    "forum": "https://forums.uberent.com/threads/wip-server-mod-statera-balance-mod.60342/",
    "category": [
        "Strategic Icons"
    ],
    "date": "2014/12/18",
    "build": "76456"
}