{
  "TEMP_texelinfo": 10.0158,
  "base_spec": "/pa/units/land/base_structure/base_structure.json",
  "build_metal_cost": 180,
  "consumption": {
    "energy": 300
  },
  "description": "Sonar: Analysis: Sonar: Detects underwater units",
  "display_group": 50,
  "display_index": 105,
  "display_name": "Sonar",
  "events": {
    "build_complete": {
      "audio_cue": "/SE/Build_Complete/sea"
    },
    "died": {
      "audio_cue": "/SE/Death/Sea"
    }
  },
  "max_health": 1000,
  "model": {
    "animations": {
      "idle": "/pa/units/sea/sonar/sonar_anim_work.papa"
    },
    "animtree": "/pa/anim/anim_trees/constant_idle_anim_tree.json",
    "filename": "/pa/units/sea/sonar/sonar.papa"
  },
  "recon": {
    "observer": {
      "items": [
        {
          "channel": "sight",
          "layer": "surface_and_air",
          "radius": 100,
          "shape": "capsule"
        }
      ]
    }
  },
  "spawn_layers": "WL_DeepWater",
  "unit_types": [
    "UNITTYPE_Structure",
    "UNITTYPE_Recon"
  ]
}