{
    "TEMP_texelinfo": 5.84968,
    "audio": {
        "loops": {
            "move": {
                "cue": "/SE/Movement/veh/tank_hover_loop",
                "flag": "vel_changed",
                "should_start_func": "is_moving",
                "should_stop_func": "is_not_moving"
            }
        }
    },
    "base_spec": "/pa/units/land/base_vehicle/base_vehicle.json",
    "build_metal_cost": 150,
    "description": "Hover Tank: Anti-land and anti-ship guns, hovers. Short range.",
    "display_group": 40,
    "display_index": 80,
    "display_name": "Strider",
    "events": {
        "build_complete": {
            "audio_cue": "/SE/Build_Complete/veh"
        },
        "died": {
            "audio_cue": "/SE/Death/Veh"
        },
        "fired": {
            "audio_cue": "/SE/Weapons/bot/assault_fire",
            "effect_spec": "/pa/effects/specs/tank_muzzle_flash.pfx socket_muzzle"
        }
    },
    "guard_layer": "WL_AnySurface",
    "guard_radius": 120,
    "headlights": [
        {
            "color": [
                0.9,
                0.92,
                1
            ],
            "far_distance": 20,
            "gobo": "/pa/effects/textures/gobo/spotlight_gobo.papa",
            "intensity": 1.4,
            "near_distance": 1.2,
            "near_height": 2,
            "near_width": 2,
            "offset": [
                0,
                -1,
                1.5
            ],
            "orientation": [
                0,
                65,
                0
            ]
        }
    ],
    "max_health": 250,
    "mesh_bounds": [
        4.93769,
        7.57193,
        2.6835
    ],
    "model": {
        "animtree": "/pa/anim/anim_trees/turret_anim_tree.json",
        "arrows": 5,
        "filename": "/pa/units/land/tank_light_laser/tank_light_laser.papa"
    },
    "navigation": {
        "acceleration": 25,
        "brake": 25,
        "dodge_multiplier": 1,
        "dodge_radius": 15,
        "move_speed": 10,
        "turn_speed": 400,
        "type": [
            "land-small",
            "water"
        ],
        "wobble_factor": 0.1,
        "wobble_speed": 0.2
    },
    "physics": {
        "air_friction": 0.5,
        "push_class": 2,
        "radius": 3
    },
    "recon": {
        "observer": {
            "items": [
                {
                    "channel": "sight",
                    "layer": "surface_and_air",
                    "radius": 100,
                    "shape": "capsule"
                }
            ]
        }
    },
    "tools": [
        {
            "aim_bone": "socket_aim",
            "muzzle_bone": "socket_muzzle",
            "spec_id": "/pa/units/land/tank_hover/tank_hover_tool_weapon.json"
        }
    ],
    "unit_types": [
        "UNITTYPE_Tank",
        "UNITTYPE_Mobile",
        "UNITTYPE_Land",
        "UNITTYPE_Basic",
        "UNITTYPE_FactoryBuild"
    ],
    "wreckage_health_frac": 1
}
