{
  "ammo_capacity": 2000,
  "ammo_demand": 500,
  "ammo_id": "/pa/units/land/laser_defense_sniper/laser_defense_sniper_ammo.json",
  "ammo_per_shot": 2000,
  "ammo_source": "energy",
  "auto_attack": true,
  "base_spec": "/pa/tools/base_laser_turret/base_laser_turret.json",
  "max_range": 190,
  "pitch_range": 90,
  "pitch_rate": 13,
  "rate_of_fire": 0.25,
  "target_layers": [
    "WL_Air",
    "WL_LandHorizontal",
    "WL_WaterSurface"
  ],
  "yaw_range": 180,
  "yaw_rate": 13
}