{"base_spec":"/pa/units/air/fabrication_aircraft/fabrication_aircraft.json","display_name":"Avatar Commander","description":"For debugging purposes","max_health":200000,"build_metal_cost":1,"buildable_types":"Structure & Basic | Structure & Advanced | FabBuild | FabAdvBuild | FabOrbBuild","production":{"energy":100000,"metal":100000},"storage":{"energy":100000,"metal":10000},"unit_types":["UNITTYPE_Air","UNITTYPE_Fabber","UNITTYPE_Debug","UNITTYPE_Construction","UNITTYPE_Mobile"],"navigation":{"type":"air","acceleration":700,"brake":700,"move_speed":500,"turn_speed":1080,"hover_time":10000.0,"aggressive_distance":25.0,"aggressive_Height":25.0,"aggressive_behavior":"circle","wobble_factor":0.0,"wobble_speed":0.0,"vertical_speed":50},"tools":[{"spec_id":"/pa/units/commanders/avatar/avatar_build_arm.json","aim_bone":"bone_pitch"}]}