{
  "blend_root": {
    "nodes": {
      "being_built": {
        "type": "bind_pose"
      },
      "dead": {
        "anim_name": "death01",
        "looping": false,
        "type": "playback"
      },
      "ghost": {
        "type": "bind_pose"
      },
      "living": {
        "node_idle": {
          "anim_name": "idle",
          "type": "playback"
        },
        "node_walk": {
          "anim_name": "walk",
          "type": "playback"
        },
        "type": "walk"
      }
    },
    "type": "unit_state"
  },
  "skeleton_controls": [
    {
      "child": {
        "rotation_axis": "z",
        "rotation_bone": "bone_turretBack",
        "type": "procedural_aim"
      },
      "lerp_func": "is_active",
      "type": "fader"
    },
    {
      "child": {
        "rotation_axis": "x",
        "rotation_bone": "bone_pitchBack",
        "type": "procedural_aim"
      },
      "lerp_func": "is_active",
      "type": "fader"
    },
    {
      "child": {
        "rotation_axis": "z",
        "rotation_bone": "bone_turretFront",
        "type": "procedural_aim"
      },
      "lerp_func": "is_active",
      "type": "fader"
    },
    {
      "child": {
        "rotation_axis": "x",
        "rotation_bone": "bone_recoil",
        "type": "procedural_aim"
      },
      "lerp_func": "is_active",
      "type": "fader"
    },
    {
      "child": {
        "angular_velocity": [
          0,
          0,
          0
        ],
        "angular_velocity_range": [
          360,
          360,
          360
        ],
        "bone": "bone_turretBack",
        "drag": 0.5,
        "gravity": 20,
        "type": "giblet",
        "velocity": [
          0,
          0,
          15
        ],
        "velocity_range": [
          10,
          10,
          5
        ]
      },
      "lerp_func": "is_dead",
      "type": "fader"
    }
  ]
}