{
  "build_list": [
    {
      "build_conditions": [
        [
          {
            "compare0": ">=",
            "test_type": "UnitPoolCount",
            "unit_type_string0": "Orbital & Recon - Structure",
            "value0": 1
          }
        ]
      ],
      "instance_count": -1,
      "name": "Orbital Radar",
      "priority": 100,
      "task_type": "OrbitalRecon",
      "to_build": "Orbital_Radar"
    },
    {
      "build_conditions": [
        [
          {
            "compare0": ">",
            "test_type": "UnitCountOnPlanet",
            "unit_type_string0": "Orbital & Recon - Structure",
            "value0": 1
          },
          {
            "boolean": true,
            "test_type": "OtherPlanetNeedsReconAssistance"
          }
        ]
      ],
      "instance_count": -1,
      "name": "Orbital Radar Transfer To Planet",
      "priority": 101,
      "task_type": "TransferReconToPlanet",
      "to_build": "Orbital_Radar"
    },
    {
      "build_conditions": [
        [
          {
            "compare0": ">=",
            "test_type": "UnitPoolCount",
            "unit_type_string0": "Orbital & Fighter",
            "value0": 1
          },
          {
            "test_type": "CanAttackWithPoolUnits"
          }
        ]
      ],
      "instance_count": -1,
      "name": "Orbital Fighter Attack Platoon",
      "priority": 100,
      "task_type": "OrbitalFighterAttack",
      "to_build": "Orbital_Fighter_Attack"
    },
    {
      "build_conditions": [
        [
          {
            "compare0": ">=",
            "test_type": "UnitPoolCount",
            "unit_type_string0": "Orbital & LaserPlatform",
            "value0": 1
          },
          {
            "test_type": "CanAttackWithPoolUnits"
          }
        ]
      ],
      "instance_count": -1,
      "name": "Orbital Death Laser Attack Platoon",
      "priority": 100,
      "task_type": "OrbitalLaserAttack",
      "to_build": "Orbital_Laser_Attack"
    }
  ]
}