{
  "ammo_capacity": 4000,
  "ammo_demand": 100,
  "ammo_id": "/pa/units/sea/missile_ship/missile_ship_ammo.json",
  "ammo_per_shot": 1500,
  "ammo_source": "energy",
  "auto_attack": true,
  "base_spec": "/pa/tools/base_missile_tactical_turret/base_missile_tactical_turret.json",
  "carpet_fire": true,
  "firing_arc_pitch": 360,
  "firing_arc_yaw": 360,
  "max_range": 400,
  "pitch_range": 0,
  "pitch_rate": 0,
  "rate_of_fire": 0.3,
  "spread_fire": true,
  "target_layers": [
    "WL_LandHorizontal",
    "WL_Orbital",
    "WL_WaterSurface"
  ],
  "yaw_range": 0,
  "yaw_rate": 0
}