{
  "TEMP_texelinfo": 2.37699,
  "area_build_separation": 1.0,
  "build_metal_cost": 40,
  "death_weapon": {
    "air_ammo_spec": "/pa/units/land/land_mine/land_mine_ammo.json",
    "air_height_threshold": 100,
    "ground_ammo_spec": "/pa/units/land/land_mine/land_mine_ammo.json"
  },
  "description": "Mine: Analysis: Mine: Detonates when enemy combat units get too close",
  "display_group": 50,
  "display_index": 40,
  "display_name": "Mine",
  "events": {
    "build_complete": {
      "audio_cue": "/SE/Build_Complete/barrier"
    },
    "died": {
      "audio_cue": "/SE/Death/barrier",
      "effect_scale": 2.5,
      "effect_spec": "/pa/effects/specs/default_proj_explosion.pfx"
    }
  },
  "max_health": 99999999999,
  "mesh_bounds": [
    4.0,
    4.0,
    1.0
  ],
  "model": [
    {
      "filename": "/pa/units/land/land_mine/land_mine.papa",
      "layer": "WL_AnyHorizontalGroundOrWaterSurface"
    }
  ],
  "physics": {
    "air_friction": 1.0,
    "allow_pushing": false,
    "ignore_collisions": true,
    "push_class": 0,
    "radius": 0.25,
    "type": "Structure"
  },
  "recon": {
    "observable": {
      "ignore_sight": true,
      "layer": "surface_and_air"
    },
    "observer": {
      "items": [
        {
          "channel": "radar",
          "layer": "surface_and_air",
          "radius": 2,
          "shape": "sphere"
        }
      ]
    }
  },
  "spawn_layers": "WL_AnyHorizontalGroundOrWaterSurface",
  "tools": [
    {
      "aim_bone": "bone_root",
      "muzzle_bone": "bone_root",
      "spec_id": "/pa/units/land/land_mine/land_mine_tool_weapon.json"
    }
  ],
  "unit_types": [
    "UNITTYPE_Basic",
    "UNITTYPE_Defense",
    "UNITTYPE_CombatFabAdvBuild",
    "UNITTYPE_Custom1"
  ],
  "wreckage_health_frac": 0.0
}