{
  "build_list": [
    {
      "build_conditions": [
        [
          {
            "boolean": false,
            "test_type": "HaveEcoForAdvanced"
          },
          {
            "boolean": false,
            "test_type": "NeedBasicAirFactory"
          },
          {
            "string0": "BasicAirFactory",
            "test_type": "CanAffordPotentialDrain"
          },
          {
            "string0": "BasicAirFactory",
            "test_type": "CanFindPlaceToBuild"
          }
        ],
        [
          {
            "boolean": true,
            "test_type": "HaveEcoForAdvanced"
          },
          {
            "boolean": true,
            "test_type": "NeedBasicAirFactory"
          },
          {
            "string0": "BasicAirFactory",
            "test_type": "CanAffordPotentialDrain"
          },
          {
            "string0": "BasicAirFactory",
            "test_type": "CanFindPlaceToBuild"
          }
        ]
      ],
      "builders": [
        "Commander",
        "AnyBasicFabber",
        "AnyAdvancedFabber"
      ],
      "instance_count": 1,
      "max_num_assisters": 5,
      "min_num_assisters": 3,
      "name": "Basic Air Factory",
      "placement_rules": {
        "buffer": 15,
        "threat": {
          "compare_type": "<",
          "influence_type": "AntiSurface",
          "radius": 10,
          "value": 50
        }
      },
      "priority": 373,
      "shared_instance_count": "BasicFactory",
      "to_build": "BasicAirFactory"
    },
    {
      "build_conditions": [
        [
          {
            "boolean": true,
            "test_type": "HaveEcoForAdvanced"
          },
          {
            "boolean": true,
            "test_type": "NeedAdvancedAirFactory"
          },
          {
            "string0": "AdvancedAirFactory",
            "test_type": "CanAffordPotentialDrain"
          },
          {
            "string0": "AdvancedAirFactory",
            "test_type": "CanFindPlaceToBuild"
          }
        ]
      ],
      "builders": [
        "BasicAirFabber",
        "AdvancedAirFabber"
      ],
      "instance_count": 1,
      "max_num_assisters": 5,
      "min_num_assisters": 3,
      "name": "Advanced Air Factory",
      "placement_rules": {
        "buffer": 15,
        "threat": {
          "compare_type": "<",
          "influence_type": "AntiSurface",
          "radius": 10,
          "value": 50
        }
      },
      "priority": 477,
      "shared_instance_count": "AdvancedFactory",
      "to_build": "AdvancedAirFactory"
    }
  ]
}