{
  "TEMP_texelinfo": 15.8261,
  "atrophy_cool_down": 30.0,
  "atrophy_rate": 20.0,
  "base_spec": "/pa/units/land/base_structure/base_structure.json",
  "build_metal_cost": 3000,
  "command_caps": [
    "ORDER_Attack"
  ],
  "description": "Artillery: Long range anti-land and anti-ship missile launcher.",
  "display_group": 20,
  "display_index": 20,
  "display_name": "Catapult",
  "events": {
    "build_complete": {
      "audio_cue": "/SE/Build_Complete/factory"
    },
    "died": {
      "audio_cue": "/SE/Death/Factory",
      "effect_scale": 0.8
    },
    "fired": {
      "audio_cue": "/SE/Weapons/structure/tactical_missile_launcher_fire",
      "effect_spec": "/pa/units/land/tactical_missile_launcher/tactical_missile_launcher_launch.pfx"
    }
  },
  "guard_layer": "WL_AnySurface",
  "guard_radius": 510,
  "max_health": 3000,
  "model": [
    {
      "layer": "WL_LandHorizontal",
      "filename": "/pa/units/land/tactical_missile_launcher/tactical_missile_launcher.papa",
      "animations": {
        "start": "/pa/units/land/tactical_missile_launcher/tactical_missile_launcher_anim_start.papa",
        "loop": "/pa/units/land/tactical_missile_launcher/tactical_missile_launcher_anim_loop.papa",
        "end": "/pa/units/land/tactical_missile_launcher/tactical_missile_launcher_anim_end.papa"
      },
      "animtree": "/pa/anim/anim_trees/constant_idle_transition_anim_tree.json",
      "skirt_decal": "/pa/effects/specs/skirt_08.json"
    },
    {
      "layer": "WL_WaterSurface",
      "filename": "/pa/units/land/tactical_missile_launcher/tactical_missile_launcher.papa",
      "animations": {
        "start": "/pa/units/land/tactical_missile_launcher/tactical_missile_launcher_anim_start.papa",
        "loop": "/pa/units/land/tactical_missile_launcher/tactical_missile_launcher_anim_loop.papa",
        "end": "/pa/units/land/tactical_missile_launcher/tactical_missile_launcher_anim_end.papa"
      },
      "animtree": "/pa/anim/anim_trees/constant_idle_transition_anim_tree.json"
    }
  ],
  "recon": {
    "observer": {
      "items": [
        {
          "channel": "sight",
          "layer": "surface_and_air",
          "radius": 100,
          "shape": "capsule"
        }
      ]
    }
  },
  "spawn_layers": "WL_AnyHorizontalGroundOrWaterSurface",
  "tools": [
    {
      "aim_bone": "bone_missile01",
      "muzzle_bone": "bone_missile01",
      "spec_id": "/pa/units/land/tactical_missile_launcher/tactical_missile_launcher_tool_weapon.json"
    }
  ],
  "unit_types": [
    "UNITTYPE_Land",
    "UNITTYPE_Structure",
    "UNITTYPE_Tactical",
    "UNITTYPE_Defense",
    "UNITTYPE_Advanced",
    "UNITTYPE_FabAdvBuild"
  ]
}
