{"base_spec":"/pa/units/land/base_structure/base_structure.json","display_name":"Umbrella","description":"Ion Defense Platform: Designed to take out orbital units above it.","display_group":20,"display_index":95,"max_health":1500,"build_metal_cost":1750,"spawn_layers":"WL_AnyHorizontalGroundOrWaterSurface","area_build_type":"Sphere","area_build_separation":75,"show_in_orbital_layer":false,"unit_types":["UNITTYPE_Structure","UNITTYPE_Basic","UNITTYPE_Defense","UNITTYPE_OrbitalDefense","UNITTYPE_FabBuild","UNITTYPE_FabAdvBuild"],"command_caps":["ORDER_Attack"],"guard_radius":200,"guard_layer":"WL_Orbital","recon":{"observer":{"items":[{"layer":"surface_and_air","channel":"sight","shape":"capsule","radius":200},{"layer":"orbital","channel":"sight","shape":"capsule","radius":200}]}},"model":[{"layer":"WL_LandHorizontal","filename":"/pa/units/orbital/ion_defense/ion_defense.papa","animtree":"/pa/anim/anim_trees/ion_defense.json","skirt_decal":"/pa/effects/specs/skirt_ion_defense.json"},{"layer":"WL_WaterSurface","filename":"/pa/units/orbital/ion_defense/ion_defense.papa","animtree":"/pa/anim/anim_trees/ion_defense.json"}],"tools":[{"spec_id":"/pa/units/orbital/ion_defense/ion_defense_tool_weapon.json","aim_bone":"bone_turret","muzzle_bone":["socket_muzzle"]}],"events":{"build_complete":{"audio_cue":"/SE/Build_Complete/structure_small"},"firing":{"audio_cue":"/SE/Weapons/structure/laser_defence_fire","effect_spec":"/pa/units/orbital/ion_defense/ion_defense_muzzle_flash.pfx socket_muzzle"},"died":{"audio_cue":"/SE/Death/structure_small","effect_scale":1.3}},"lamps":[{"offset":[-8.0,8.0,4.22],"radius":5.0,"color":[1.0,1.0,1.0],"intensity":5.75},{"offset":[2.8,-4.8,0],"radius":8.0,"color":[1.0,1.0,1.0],"intensity":2.0,"bone":"bone_pitch"},{"offset":[-2.8,-4.8,0],"radius":8.0,"color":[1.0,1.0,1.0],"intensity":2.0,"bone":"bone_pitch"}],"mesh_bounds":[20,20.6558,35.0541],"TEMP_texelinfo":32.1806,"physics":{"collision_layers":"WL_AnyHorizontalGroundOrWaterSurface"}}