{"base_spec":"/pa/ammo/base_ammo/base_ammo.json","spawn_layers":"orbital","flight_type":"Direct","damage":2500,"splash_damage":2500,"splash_radius":20,"full_damage_splash_radius":2,"initial_velocity":1000.0,"max_velocity":1000.0,"lifetime":3,"model":{"filename":""},"fx_trail":{"filename":"/pa/units/orbital/orbital_laser/orbital_laser_proj_trail.pfx"},"events":{"died":{"audio_cue":"/SE/Impacts/cannon_uber","effect_spec":"/pa/effects/specs/uber_proj_explosion.pfx"}},"physics":{"radius":1,"push_class":1,"gravity_scalar":1,"ignore_gravity":true,"add_to_spatial_db":false}}