{
  "TEMP_texelinfo": 1.0,
  "armor_type": "AT_Vehicle",
  "audio": {
    "loops": {
      "move": {
        "cue": "/SE/Movement/veh/aa_missile_vehicle_loop",
        "flag": "vel_changed",
        "should_start_func": "is_moving",
        "should_stop_func": "is_not_moving"
      }
    }
  },
  "build_metal_cost": 1,
  "command_caps": [
    "ORDER_Move",
    "ORDER_Patrol",
    "ORDER_Attack",
    "ORDER_Assist",
    "ORDER_Use"
  ],
  "death": {
    "decals": [
      "/pa/effects/specs/scorch_a_01.json"
    ]
  },
  "description": "Base Vehicle Description - If you're seeing this, something is wrong in your vehicle.",
  "display_group": 99,
  "display_index": 99,
  "display_name": "Base Vehicle",
  "events": {
    "build_complete": {
      "audio_cue": "/SE/Build_Complete/veh"
    },
    "died": {
      "audio_cue": "/SE/Death/Veh",
      "effect_spec": "/pa/effects/specs/default_explosion.pfx"
    },
    "firing": {
      "audio_cue": "/SE/Weapons/base/base_fire_laser",
      "effect_spec": "/pa/effects/specs/default_muzzle_flash.pfx socket_muzzle"
    }
  },
  "max_health": 1,
  "navigation": {
    "acceleration": 1,
    "brake": 1,
    "dodge_multiplier": 1.0,
    "dodge_radius": 15,
    "move_speed": 1,
    "turn_speed": 1,
    "type": "land-small",
    "wobble_factor": 0.1,
    "wobble_speed": 0.2
  },
  "physics": {
    "air_friction": 1.0,
    "push_class": 2,
    "radius": 1
  },
  "recon": {
    "observer": {
      "items": [
        {
          "channel": "sight",
          "layer": "surface_and_air",
          "radius": 100,
          "shape": "capsule"
        }
      ]
    }
  },
  "teleportable": {},
  "unit_types": [
    "UNITTYPE_Tank",
    "UNITTYPE_Mobile",
    "UNITTYPE_Land",
    "UNITTYPE_NoBuild"
  ]
}