{"base_spec":"/pa/units/land/base_structure/base_structure.json","display_name":"Metal Extractor","description":"Metal: Produces metal, can only be placed on metal deposits","display_group":80,"display_index":80,"max_health":1000,"build_metal_cost":150,"atrophy_rate":20.0,"atrophy_cool_down":30.0,"spawn_layers":"WL_AnyHorizontalGroundOrWaterSurface","feature_requirements":["metal_spot"],"area_build_type":"Sphere","production":{"metal":7},"consumption":{"energy":0},"unit_types":["UNITTYPE_Structure","UNITTYPE_Basic","UNITTYPE_MetalProduction","UNITTYPE_CmdBuild","UNITTYPE_FabBuild","UNITTYPE_Economy"],"recon":{"observer":{"items":[{"layer":"surface_and_air","channel":"sight","shape":"capsule","radius":100}]}},"model":[{"layer":"WL_LandHorizontal","filename":"/pa/units/land/metal_extractor/metal_extractor.papa","animations":{"idle":"/pa/units/land/metal_extractor/metal_extractor_anim_work.papa"},"animtree":"/pa/anim/anim_trees/simple_building.json"},{"layer":"WL_WaterSurface","filename":"/pa/units/sea/sea_metal_extractor/sea_metal_extractor.papa","animations":{"idle":"/pa/units/sea/sea_metal_extractor/sea_metal_extractor_anim_work.papa"},"animtree":"/pa/anim/anim_trees/simple_building.json"}],"replaceable_units":["/pa/units/land/metal_extractor_adv/metal_extractor_adv.json"],"events":{"build_complete":{"audio_cue":"/SE/Build_Complete/metal"},"died":{"audio_cue":"/SE/Death/Factory","effect_scale":0.5}},"lamps":[{"offset":[-0.72,-1.922,6.515],"radius":2.0,"color":[1.0,1.0,1.0],"intensity":1.0}],"mesh_bounds":[10.0002,10.0407,26.7306],"placement_size":[20,16],"TEMP_texelinfo":15.0973}