{
  "TEMP_texelinfo": 7.50603,
  "attachable": {
    "offsets": {
      "head": [
        0,
        0,
        4
      ],
      "root": [
        0,
        0,
        0
      ]
    }
  },
  "audio": {
    "loops": {
      "build": {
        "cue": "/SE/Construction/Fab_contruction_beam_loop",
        "flag": "build_target_changed",
        "should_start_func": "has_build_target",
        "should_stop_func": "no_build_target"
      },
      "move": {
        "cue": "/SE/Movement/sea/Fab_ship_loop",
        "flag": "vel_changed",
        "should_start_func": "is_moving",
        "should_stop_func": "is_not_moving"
      }
    }
  },
  "base_spec": "/pa/units/sea/base_ship/base_ship.json",
  "build_metal_cost": 300,
  "buildable_types": "Naval & Structure & Basic | Naval & Factory & Advanced | Air & Factory & Basic | FabBuild",
  "command_caps": [
    "ORDER_Move",
    "ORDER_Patrol",
    "ORDER_Build",
    "ORDER_Reclaim",
    "ORDER_Repair",
    "ORDER_Assist",
    "ORDER_Use"
  ],
  "description": "Fabrication Ship: Analysis: Fabrication: Medium nanolathe, medium speed.",
  "display_group": 100,
  "display_index": 80,
  "display_name": "Fabrication Ship",
  "events": {
    "build_complete": {
      "audio_cue": "/SE/Build_Complete/fab"
    },
    "died": {
      "audio_cue": "/SE/Death/Sea"
    }
  },
  "fx_offsets": [
    {
      "bone": "bone_pitch",
      "filename": "/pa/effects/specs/fab_spray.pfx",
      "offset": [
        0.585,
        -2.948,
        -0.236
      ],
      "orientation": [
        0,
        0,
        0
      ],
      "type": "build"
    },
    {
      "bone": "bone_pitch",
      "filename": "/pa/effects/specs/fab_spray.pfx",
      "offset": [
        -0.585,
        -2.948,
        -0.236
      ],
      "orientation": [
        0,
        0,
        0
      ],
      "type": "build"
    }
  ],
  "max_health": 200,
  "mesh_bounds": [
    5,
    8,
    5
  ],
  "model": {
    "animtree": "/pa/anim/anim_trees/fabrication_turret_anim_tree.json",
    "filename": "/pa/units/sea/fabrication_ship/fabrication_ship.papa"
  },
  "navigation": {
    "acceleration": 12,
    "brake": 12,
    "move_speed": 12,
    "turn_speed": 60,
    "type": "deepwater"
  },
  "physics": {
    "allow_pushing": true,
    "push_class": 2,
    "radius": 6,
    "shape": "box"
  },
  "recon": {
    "observer": {
      "items": [
        {
          "channel": "sight",
          "layer": "surface_and_air",
          "radius": 100,
          "shape": "capsule"
        }
      ]
    }
  },
  "spawn_layers": "WL_DeepWater",
  "tools": [
    {
      "aim_bone": "bone_root",
      "spec_id": "/pa/units/sea/fabrication_ship/fabrication_ship_build_arm.json"
    }
  ],
  "transportable": {
    "size": 1
  },
  "unit_types": [
    "UNITTYPE_Fabber",
    "UNITTYPE_Construction",
    "UNITTYPE_Naval",
    "UNITTYPE_Mobile",
    "UNITTYPE_Basic",
    "UNITTYPE_FactoryBuild"
  ]
}