{
  "armor_type": "AT_Air",
  "audio": {
    "loops": {
      "move": {
        "cue": "/SE/Movement/air/air_scout_loop",
        "flag": "vel_changed",
        "should_start_func": "is_moving",
        "should_stop_func": "is_not_moving"
      }
    }
  },
  "build_metal_cost": 1,
  "command_caps": [
    "ORDER_Move",
    "ORDER_Patrol",
    "ORDER_Attack",
    "ORDER_Assist"
  ],
  "description": "Base Flyer Description - If you're seeing this, something is wrong in your flyer.",
  "display_group": 99,
  "display_index": 99,
  "display_name": "Base Flyer",
  "events": {
    "build_complete": {
      "audio_cue": "/SE/Build_Complete/air"
    },
    "died": {
      "audio_cue": "/SE/Death/Air",
      "effect_spec": "/pa/effects/specs/default_explosion.pfx"
    },
    "fired": {
      "audio_cue": "/SE/Weapons/base/base_fire_laser"
    }
  },
  "max_health": 1,
  "navigation": {
    "acceleration": 10000,
    "aggressive_Height": 1.0,
    "aggressive_behavior": "line",
    "aggressive_distance": 50.0,
    "brake": 10000,
    "dodge_multiplier": 3.0,
    "dodge_radius": 1000,
    "hover_time": 5.0,
    "move_speed": 1000,
    "turn_speed": 1000,
    "type": "air",
    "wobble_factor": 1.0,
    "wobble_speed": 1.0
  },
  "physics": {
    "air_friction": 1.0,
    "allow_pushing": true,
    "gravity_scalar": 1,
    "push_class": 2,
    "push_sideways": true,
    "radius": 6
  },
  "recon": {
    "observer": {
      "items": [
        {
          "channel": "sight",
          "layer": "surface_and_air",
          "radius": 500,
          "shape": "capsule"
        }
      ]
    }
  },
  "spawn_layers": "WL_LandHorizontal",
  "unit_types": [
    "UNITTYPE_Mobile",
    "UNITTYPE_Air",
    "UNITTYPE_NoBuild"
  ],
  "wreckage_health_frac": 0.0
}
