{"base_spec":"/pa/units/commanders/base_commander/base_commander.json","display_name":"Imperial Class Commander","description":"Imperial Class Commander. - If you're seeing this, something is wrong in your commander.","model":{"filename":"/pa/units/commanders/imperial_delta/imperial_delta.papa","animations":{"walk":"/pa/units/commanders/imperial_base/imperial_base_anim_walk.papa","idle":"/pa/units/commanders/imperial_base/imperial_base_anim_idle.papa","aim_up":"/pa/units/commanders/imperial_base/imperial_base_anim_aimUp.papa","aim_down":"/pa/units/commanders/imperial_base/imperial_base_anim_aimDown.papa"},"animtree":"/pa/anim/anim_trees/commander.json","walk_speed":5.0}}