{
  "TEMP_texelinfo": 19.1546,
  "audio": {
    "loops": {
      "move": {
        "cue": "/SE/Movement/sea/frigate_loop",
        "flag": "vel_changed",
        "should_start_func": "is_moving",
        "should_stop_func": "is_not_moving"
      }
    }
  },
  "base_spec": "/pa/units/sea/base_ship/base_ship.json",
  "build_metal_cost": 900,
  "description": "Narwhal: Analysis: Flak Frigate: Heavy AOE Rapidfire Flak Cannon, Moderately Effective Multipurpose Machinegun.",
  "display_group": 60,
  "display_index": 100,
  "display_name": "Narwhal",
  "events": {
    "build_complete": {
      "audio_cue": "/SE/Build_Complete/sea"
    },
    "died": {
      "audio_cue": "/SE/Death/Sea_large"
    },
    "fired": {
      "audio_cue": "/SE/Weapons/bot/assault_fire"
    }
  },
  "guard_layer": "WL_AnySurface",
  "guard_radius": 200,
  "max_health": 1600,
  "mesh_bounds": [
    5,
    20,
    5
  ],
  "model": {
    "animtree": "/pa/anim/anim_trees/frigate_anim_tree.json",
    "arrows": 5,
    "filename": "/pa/units/sea/frigate/frigate.papa"
  },
  "navigation": {
    "acceleration": 3,
    "brake": 3,
    "move_speed": 10,
    "turn_speed": 20,
    "type": "deepwater"
  },
  "nearby_target_tick_update_interval": 3,
  "physics": {
    "push_class": 2,
    "radius": 10
  },
  "recon": {
    "observer": {
      "items": [
        {
          "channel": "sight",
          "layer": "surface_and_air",
          "radius": 180,
          "shape": "capsule"
        }
      ]
    }
  },
  "spawn_layers": "WL_DeepWater",
  "tools": [
    {
      "aim_bone": "bone_pitch01",
      "muzzle_bone": [
        "socket_muzzle01"
      ],
      "spec_id": "/pa/units/sea/frigate/frigate_tool_weapon_shell.json"
    },
    {
      "aim_bone": "bone_pitch02",
      "muzzle_bone": [
        "socket_rightMuzzle02",
        "socket_leftMuzzle02"
      ],
      "spec_id": "/pa/units/sea/frigate/frigate_tool_weapon_aa.json"
    }
  ],
  "transportable": {
    "size": 1
  },
  "unit_types": [
    "UNITTYPE_Naval",
    "UNITTYPE_Mobile",
    "UNITTYPE_Advanced",
    "UNITTYPE_AirDefense",
    "UNITTYPE_FactoryBuild"
  ],
  "wreckage_health_frac": 0.0
}