{
  "TEMP_texelinfo": 15.3609,
  "area_build_separation": 18,
  "atrophy_cool_down": 30.0,
  "atrophy_rate": 70.0,
  "base_spec": "/pa/units/land/base_structure/base_structure.json",
  "build_metal_cost": 800,
  "command_caps": [
    "ORDER_Attack"
  ],
  "description": "Riot Laser Tower: Analysis: Riot Defense: Direct fire anti-land and anti-ship defense. Effective vs light units.",
  "display_group": 20,
  "display_index": 100,
  "display_name": "Riot Laser Tower",
  "events": {
    "build_complete": {
      "audio_cue": "/SE/Build_Complete/structure_small"
    },
    "died": {
      "audio_cue": "/SE/Death/structure_small",
      "effect_scale": 0.5
    },
    "fired": {
      "audio_cue": "/SE/Weapons/structure/laser_defense_adv_fire",
      "effect_spec": "/pa/effects/specs/default_muzzle_flash.pfx socket_rightMuzzle /pa/effects/specs/default_muzzle_flash.pfx socket_centerMuzzle /pa/effects/specs/default_muzzle_flash.pfx socket_leftMuzzle"
    }
  },
  "guard_layer": "WL_AnySurface",
  "guard_radius": 130,
  "max_health": 1500,
  "mesh_bounds": [
    8,
    8,
    23
  ],
  "model": [
    {
      "animtree": "/pa/anim/anim_trees/defense_turret_adv_anim_tree.json",
      "filename": "/pa/units/land/laser_defense_adv/laser_defense_adv.papa",
      "layer": "WL_LandHorizontal",
      "skirt_decal": "/pa/effects/specs/skirt_defense_adv.json"
    },
    {
      "animtree": "/pa/anim/anim_trees/defense_turret_adv_anim_tree.json",
      "filename": "/pa/units/sea/floating_laser_adv/floating_laser_adv.papa",
      "layer": "WL_WaterSurface"
    }
  ],
  "recon": {
    "observer": {
      "items": [
        {
          "channel": "sight",
          "layer": "surface_and_air",
          "radius": 130,
          "shape": "capsule"
        }
      ]
    }
  },
  "spawn_layers": "WL_AnyHorizontalGroundOrWaterSurface",
  "tools": [
    {
      "aim_bone": "bone_pitch",
      "muzzle_bone": [
        "socket_rightMuzzle",
        "socket_centerMuzzle",
        "socket_leftMuzzle"
      ],
      "spec_id": "/pa/units/land/laser_defense_adv/laser_defense_adv_tool_weapon.json"
    }
  ],
  "unit_types": [
    "UNITTYPE_Structure",
    "UNITTYPE_Advanced",
    "UNITTYPE_Land",
    "UNITTYPE_SurfaceDefense",
    "UNITTYPE_Defense",
    "UNITTYPE_FabAdvBuild"
  ]
}