{
  "TEMP_texelinfo": 15.0973,
  "area_build_type": "Sphere",
  "atrophy_cool_down": 30.0,
  "atrophy_rate": 20.0,
  "base_spec": "/pa/units/land/base_structure/base_structure.json",
  "build_metal_cost": 225,
  "consumption": {
    "energy": 0
  },
  "description": "Metal Extractor: Analysis: Metal: Produces metal, can only be placed on metal deposits. Light armor.",
  "display_group": 80,
  "display_index": 80,
  "display_name": "Metal Extractor",
  "events": {
    "build_complete": {
      "audio_cue": "/SE/Build_Complete/metal"
    },
    "died": {
      "audio_cue": "/SE/Death/Factory",
      "effect_scale": 0.5
    }
  },
  "feature_requirements": [
    "metal_spot"
  ],
  "lamps": [
    {
      "color": [
        1.0,
        1.0,
        1.0
      ],
      "intensity": 1.0,
      "offset": [
        -0.72,
        -1.922,
        6.515
      ],
      "radius": 2.0
    }
  ],
  "max_health": 750,
  "mesh_bounds": [
    10.0002,
    10.0407,
    26.7306
  ],
  "model": [
    {
      "animations": {
        "idle": "/pa/units/land/metal_extractor/metal_extractor_anim_work.papa"
      },
      "animtree": "/pa/anim/anim_trees/simple_building_anim_tree.json",
      "filename": "/pa/units/land/metal_extractor/metal_extractor.papa",
      "layer": "WL_LandHorizontal"
    },
    {
      "animations": {
        "idle": "/pa/units/sea/sea_metal_extractor/sea_metal_extractor_anim_work.papa"
      },
      "animtree": "/pa/anim/anim_trees/simple_building_anim_tree.json",
      "filename": "/pa/units/sea/sea_metal_extractor/sea_metal_extractor.papa",
      "layer": "WL_DeepWater"
    }
  ],
  "placement_size": [
    20,
    16
  ],
  "production": {
    "metal": 5
  },
  "recon": {
    "observer": {
      "items": [
        {
          "channel": "sight",
          "layer": "surface_and_air",
          "radius": 100,
          "shape": "capsule"
        }
      ]
    }
  },
  "replaceable_units": [
    "/pa/units/land/metal_extractor_adv/metal_extractor_adv.json"
  ],
  "spawn_layers": "WL_AnyHorizontalGroundOrWaterSurface",
  "storage": {
    "metal": 250
  },
  "unit_types": [
    "UNITTYPE_Structure",
    "UNITTYPE_Basic",
    "UNITTYPE_MetalProduction",
    "UNITTYPE_CmdBuild",
    "UNITTYPE_FabBuild",
    "UNITTYPE_Economy"
  ]
}