{
  "TEMP_texelinfo": 15.3609,
  "area_build_separation": 18,
  "atrophy_cool_down": 30.0,
  "atrophy_rate": 70.0,
  "base_spec": "/pa/units/land/base_structure/base_structure.json",
  "build_metal_cost": 1000,
  "command_caps": [
    "ORDER_Attack"
  ],
  "description": "Apocalypse Apparatus: Analysis: Advanced Defense: 3 direct fire anti-land and anti-ship guns. Effective vs all.",
  "display_group": 20,
  "display_index": 100,
  "display_name": "Apocalypse Apparatus",
  "events": {
    "build_complete": {
      "audio_cue": "/SE/Build_Complete/structure_small"
    },
    "died": {
      "audio_cue": "/SE/Death/structure_small",
      "effect_scale": 0.5
    },
    "fired1": {
      "audio_cue": "/SE/Weapons/bot/sniper_fire",
      "effect_spec": "/pa/effects/specs/default_muzzle_flash.pfx socket_centerMuzzle"
    },
    "fired2": {
      "audio_cue": "/SE/Weapons/structure/laser_defence_fire",
      "effect_spec": "/pa/effects/specs/default_muzzle_flash.pfx socket_leftMuzzle"
    },
    "fired3": {
      "audio_cue": "/SE/Weapons/orb/orb_fighter_fire",
      "effect_spec": "/pa/effects/specs/default_muzzle_flash.pfx socket_rightMuzzle"
    }
  },
  "guard_layer": "WL_AnySurface",
  "guard_radius": 130,
  "max_health": 3000,
  "mesh_bounds": [
    8,
    8,
    23
  ],
  "model": [
    {
      "animtree": "/pa/anim/anim_trees/defense_turret_adv_anim_tree.json",
      "filename": "/pa/units/land/laser_defense_adv/laser_defense_adv.papa",
      "layer": "WL_LandHorizontal",
      "skirt_decal": "/pa/effects/specs/skirt_defense_adv.json"
    },
    {
      "animtree": "/pa/anim/anim_trees/defense_turret_adv_anim_tree.json",
      "filename": "/pa/units/sea/floating_laser_adv/floating_laser_adv.papa",
      "layer": "WL_WaterSurface"
    }
  ],
  "recon": {
    "observer": {
      "items": [
        {
          "channel": "sight",
          "layer": "surface_and_air",
          "radius": 130,
          "shape": "capsule"
        }
      ]
    }
  },
  "spawn_layers": "WL_AnyHorizontalGroundOrWaterSurface",
  "tools": [
    {
      "aim_bone": "bone_pitch",
      "fire_event": "fired1",
      "muzzle_bone": [
        "socket_centerMuzzle"
      ],
      "spec_id": "/pa/units/land/laser_defense_sniper/laser_defense_sniper_tool_weapon.json"
    },
	{
	  "aim_bone": "bone_pitch",
      "fire_event": "fired2",
	  "muzzle_bone": [
	    "socket_leftMuzzle"
      ],
	  "spec_id": "/pa/units/land/laser_defense_single/laser_defense_single_tool_weapon.json"
	},
	{
	  "aim_bone": "bone_pitch",
      "fire_event": "fired3",
	  "muzzle_bone": [
	    "socket_riotMuzzle"
      ],
	  "spec_id": "/pa/units/land/laser_defense/laser_defense_tool_weapon.json"
	}
  ],
  "unit_types": [
    "UNITTYPE_Structure",
    "UNITTYPE_Advanced",
    "UNITTYPE_Land",
    "UNITTYPE_SurfaceDefense",
    "UNITTYPE_Defense",
    "UNITTYPE_FabAdvBuild"
  ]
}