{
  "ammo_capacity": 40000,
  "ammo_demand": 20000,
  "ammo_id": "/pa/units/orbital/orbital_laser/orbital_laser_ammo.json",
  "ammo_per_shot": 40000,
  "ammo_source": "energy",
  "auto_attack": true,
  "base_spec": "/pa/tools/base_laser_turret/base_laser_turret.json",
  "idle_aim_delay": 15,
  "max_range": 10,
  "pitch_range": 180,
  "pitch_rate": 720,
  "rate_of_fire": 0.5,
  "target_layers": [
    "WL_LandHorizontal",
    "WL_WaterSurface",
    "WL_Seafloor"
  ],
  "target_priorities": [
    "Structure - Wall",
    "Land - Wall",
    "Naval",
    "Wall",
    "Air"
  ],
  "yaw_range": 180,
  "yaw_rate": 720
}
