{"base_spec":"/pa/units/land/base_bot/base_bot.json","max_health":25000,"build_metal_cost":1000,"spawn_layers":"LandHorizontal","unit_types":["UNITTYPE_Bot","UNITTYPE_Mobile","UNITTYPE_Land","UNITTYPE_Advanced","UNITTYPE_FactoryBuild"],"navigation":{"type":"land-small","acceleration":5,"brake":10,"move_speed":10,"turn_speed":90,"dodge_radius":15,"dodge_multiplier":1.0,"wobble_factor":0.1,"wobble_speed":0.2},"physics":{"radius":3.5,"push_class":2,"air_friction":0.5},"model":{"filename":"/pa/units/land/megabot/megabot.papa"}}