{"display_group":10,"display_index":10,"wreckage_health_frac":0.75,"spawn_layers":"WL_WaterSurface","armor_type":"AT_Naval","unit_types":["UNITTYPE_Naval","UNITTYPE_Mobile","UNITTYPE_NoBuild"],"command_caps":["ORDER_Move","ORDER_Patrol","ORDER_Attack","ORDER_Assist"],"navigation":{"type":"water","acceleration":1000,"brake":4000,"move_speed":1000,"turn_speed":1000,"dodge_radius":15,"dodge_multiplier":1.0,"wobble_factor":0.1,"wobble_speed":0.2},"physics":{"shape":"Box","collision_layers":"WL_WaterSurface","radius":6,"push_class":2,"air_friction":1.0},"events":{"build_complete":{"audio_cue":"/SE/Build_Complete/sea"},"firing":{"audio_cue":"/SE/Weapons/base/base_fire_laser"},"died":{"audio_cue":"/SE/Death/Sea","effect_spec":"/pa/effects/specs/default_explosion.pfx"}},"audio":{"loops":{"move":{"cue":"/SE/Movement/sea/destroyer_loop","flag":"vel_changed","should_start_func":"is_moving","should_stop_func":"is_not_moving"}}}}