{
    "blend_root": {
        "type": "unit_state",
        "nodes": {
            "being_built": {
                "type": "bind_pose"
            },
            "living": {
                "type": "walk",
                "node_idle": {
                    "type": "playback",
                    "anim_name": "idle"
                },
                "node_walk": {
                    "type": "playback",
                    "anim_name": "walk"
                }
            },
            "dead": {
                "type": "playback",
                "looping": false,
                "anim_name": "death01"
            },
            "ghost": {
                "type": "bind_pose"
            }
        }
    },
    "skeleton_controls": [
        {
            "type": "fader",
            "lerp_func": "is_active",
            "child": {
                "type": "procedural_aim",
                "rotation_bone": "bone_turretBack",
                "rotation_axis": "z"
            }
        },
        {
            "type": "fader",
            "lerp_func": "is_active",
            "child": {
                "type": "procedural_aim",
                "rotation_bone": "bone_pitchBack",
                "rotation_axis": "x"
            }
        },
{
            "type": "fader",
            "lerp_func": "is_active",
            "child": {
                "type": "procedural_aim",
                "rotation_bone": "bone_turretFront",
                "rotation_axis": "z"
            }
        },
        {
            "type": "fader",
            "lerp_func": "is_active",
            "child": {
                "type": "procedural_aim",
                "rotation_bone": "bone_pitchFront",
                "rotation_axis": "x"
            }
        },
{
            "type": "recoil",
            "bone": "bone_recoil",
            "recoil_dist": 0.95,
            "restore_time": 0.9
        },
        {
            "type": "fader",
            "lerp_func": "is_dead",
            "child": {
                "type": "giblet",
                "bone": "bone_turretBack",
                "velocity": [
                    0,
                    0,
                    15
                ],
                "velocity_range": [
                    10,
                    10,
                    5
                ],
                "angular_velocity": [
                    0,
                    0,
                    0
                ],
                "angular_velocity_range": [
                    360,
                    360,
                    360
                ],
                "gravity": 20,
                "drag": 0.5
            }
        }
    ]
}
