{
  "TEMP_texelinfo": 22.7385,
  "attachable": {
    "offsets": {
      "root": [
        0,
        0,
        0
      ]
    }
  },
  "base_spec": "/pa/units/orbital/base_orbital/base_orbital.json",
  "build_metal_cost": 1200,
  "command_caps": [
    "ORDER_Move",
    "ORDER_Patrol",
    "ORDER_Assist"
  ],
  "consumption": {
    "energy": 4000
  },
  "description": "Advanced Camera Satellite: Detects a large area for enemy land, sea, and air units",
  "display_name": "TORZYDE",
  "energy_efficiency_requirement": 0.9,
  "events": {
    "build_complete": {
      "audio_cue": "/SE/Build_Complete/orbital"
    },
    "died": {
      "audio_cue": "/SE/Death/orbital",
      "effect_spec": "/pa/effects/specs/default_explosion.pfx"
    },
    "firing": {
      "audio_cue": "/SE/Weapons/air/bomber_fire"
    }
  },
  "gravwell_velocity_multiplier": 6.0,
  "max_health": 10000,
  "mesh_bounds": [
    25,
    15,
    15
  ],
  "model": {
    "animations": {
      "closed": "/pa/units/orbital/radar_satellite_adv/radar_satellite_adv_anim_closed.papa",
      "deploy": "/pa/units/orbital/radar_satellite_adv/radar_satellite_adv_anim_deploy.papa",
      "open": "/pa/units/orbital/radar_satellite_adv/radar_satellite_adv_anim_open.papa"
    },
    "animtree": "/pa/anim/anim_trees/satellite_launched.json",
    "filename": "/pa/units/orbital/radar_satellite_adv/radar_satellite_adv.papa"
  },
  "navigation": {
    "acceleration": 5,
    "brake": 5,
    "hover_time": -1.0,
    "move_speed": 35,
    "turn_speed": 40,
    "type": "orbital"
  },
  "physics": {
    "gravity_scalar": 0.001,
    "push_class": 15,
    "radius": 5
  },
  "recon": {
    "observer": {
      "items": [
        {
          "channel": "sight",
          "layer": "surface_and_air",
          "radius": 600,
          "shape": "capsule",
          "uses_energy": true
        },
        {
          "channel": "sight",
          "layer": "orbital",
          "radius": 600,
          "shape": "capsule",
          "uses_energy": true
        },
      ]
    }
  },
  "spawn_layers": "WL_Orbital",
  "system_velocity_multiplier": 6.0,
  "unit_types": [
    "UNITTYPE_Mobile",
    "UNITTYPE_Orbital",
    "UNITTYPE_Advanced",
    "UNITTYPE_Recon",
    "UNITTYPE_FactoryBuild"
  ]
}
