{
  "TEMP_texelinfo": 62.1789,
  "area_build_separation": 7,
  "atrophy_cool_down": 30.0,
  "atrophy_rate": 100.0,
  "audio": {
    "loops": {
      "build": {
        "cue": "/SE/Construction/Factory_contruction_loop_veh",
        "flag": "build_target_changed",
        "should_start_func": "has_build_target",
        "should_stop_func": "no_build_target"
      }
    }
  },
  "base_spec": "/pa/units/land/base_structure/base_structure.json",
  "build_metal_cost": 1350,
  "buildable_types": "Mobile & Tank & FactoryBuild & Advanced",
  "command_caps": [
    "ORDER_Move",
    "ORDER_Patrol",
    "ORDER_FactoryBuild",
    "ORDER_Reclaim",
    "ORDER_Repair",
    "ORDER_Attack",
    "ORDER_Assist",
    "ORDER_Use"
  ],
  "description": "Specialist Vehicle Factory: Analysis: Factory: Builds specialized land vehicles",
  "display_group": 75,
  "display_index": 100,
  "display_name": "Specialist Vehicle Factory",
  "events": {
    "died": {
      "effect_scale": 1.5
    }
  },
  "factory_cooldown_time": 4,
  "fx_offsets": [
    {
      "bone": "bone_armRightWrist01",
      "filename": "/pa/effects/specs/fab_spray.pfx",
      "offset": [
        0,
        0.916,
        -0.295
      ],
      "orientation": [
        0,
        -45,
        180
      ],
      "type": "build"
    },
    {
      "bone": "bone_armLeftWrist01",
      "filename": "/pa/effects/specs/fab_spray.pfx",
      "offset": [
        0,
        0.916,
        -0.295
      ],
      "orientation": [
        0,
        -45,
        180
      ],
      "type": "build"
    },
    {
      "bone": "bone_armRightWrist02",
      "filename": "/pa/effects/specs/fab_spray.pfx",
      "offset": [
        0,
        0.916,
        -0.295
      ],
      "orientation": [
        0,
        -45,
        180
      ],
      "type": "build"
    },
    {
      "bone": "bone_armLeftWrist02",
      "filename": "/pa/effects/specs/fab_spray.pfx",
      "offset": [
        0,
        0.916,
        -0.295
      ],
      "orientation": [
        0,
        -45,
        180
      ],
      "type": "build"
    }
  ],
  "headlights": [
    {
      "color": [
        1.5,
        1.52,
        1.6
      ],
      "debug": false,
      "far_distance": 30.0,
      "near_distance": 10.0,
      "near_height": 20.0,
      "near_width": 20.0,
      "offset": [
        0.0,
        0.0,
        20.0
      ],
      "orientation": [
        0.0,
        0.0,
        0.0
      ]
    }
  ],
  "max_health": 5000,
  "mesh_bounds": [
    50,
    50,
    30
  ],
  "model": {
    "animations": {
      "build_end": "/pa/units/land/veh_factory_adv/bot_factory_adv_anim_end.papa",
      "build_loop": "/pa/units/land/veh_factory_adv/bot_factory_adv_anim_build.papa",
      "build_start": "/pa/units/land/veh_factory_adv/bot_factory_adv_anim_start.papa"
    },
    "animtree": "/pa/anim/anim_trees/factory_anim_tree.json",
    "filename": "/pa/units/land/veh_factory_adv/bot_factory_adv.papa",
    "skirt_decal": "/pa/effects/specs/skirt_02.json"
  },
  "physics": {
    "collision_layers": "WL_AnyHorizontalGroundOrWaterSurface"
  },
  "placement_size": [
    50,
    80
  ],
  "recon": {
    "observer": {
      "items": [
        {
          "channel": "sight",
          "layer": "surface_and_air",
          "radius": 100,
          "shape": "capsule"
        }
      ]
    }
  },
  "rolloff_dirs": [
    [
      1,
      0,
      0
    ],
    [
      -1,
      0,
      0
    ]
  ],
  "tools": [
    {
      "aim_bone": "bone_root",
      "spec_id": "/pa/units/land/veh_factory_adv/vehicle_factory_adv_build_arm.json"
    }
  ],
  "unit_types": [
    "UNITTYPE_Factory",
    "UNITTYPE_Construction",
    "UNITTYPE_Land",
    "UNITTYPE_Tank",
    "UNITTYPE_Structure",
    "UNITTYPE_Advanced"
  ],
  "wait_to_rolloff_time": 0
}