{"base_spec":"/pa/units/land/base_bot/base_bot.json","display_name":"Slammer","description":"Advanced Assault: Strong anti-land and anti-ship lasers","display_group":40,"display_index":100,"max_health":400,"build_metal_cost":933,"attachable":{"offsets":{"root":[0,0,0],"head":[0,0,5.3]}},"unit_types":["UNITTYPE_Bot","UNITTYPE_Mobile","UNITTYPE_Land","UNITTYPE_Advanced","UNITTYPE_FactoryBuild"],"transportable":{"size":1},"guard_radius":110,"guard_layer":"WL_AnySurface","navigation":{"type":"land-small","acceleration":120,"brake":120,"move_speed":12,"turn_speed":720},"physics":{"radius":3.5,"push_class":2},"recon":{"observer":{"items":[{"layer":"surface_and_air","channel":"sight","shape":"capsule","radius":85}]}},"model":{"filename":"/pa/units/land/assault_bot_adv/assault_bot_adv.papa","animations":{"death01":"/pa/units/land/assault_bot_adv/assault_bot_adv_anim_death01.papa","walk":"/pa/units/land/assault_bot_adv/assault_bot_adv_anim_run.papa","aim_up":"/pa/units/land/assault_bot_adv/assault_bot_adv_anim_aimUp.papa","aim_down":"/pa/units/land/assault_bot_adv/assault_bot_adv_anim_aimDown.papa"},"animtree":"/pa/anim/anim_trees/bipedal_mech.json","walk_speed":12},"tools":[{"spec_id":"/pa/units/land/assault_bot_adv/assault_bot_adv_tool_weapon.json","aim_bone":"bone_turret","muzzle_bone":["socket_rightMuzzle","socket_leftMuzzle"]}],"events":{"build_complete":{"audio_cue":"/SE/Build_Complete/bot"},"firing":{"audio_cue":"/SE/Weapons/bot/assault_adv_fire","effect_spec":"/pa/effects/specs/default_small_muzzle_flash.pfx socket_rightMuzzle /pa/effects/specs/default_small_muzzle_flash.pfx socket_leftMuzzle"},"died":{"audio_cue":"/SE/Death/Bot","effect_spec":"/pa/effects/specs/default_explosion.pfx","effect_scale":0.9}},"audio":{"loops":{"move":{"cue":"/SE/Movement/bot/T2_assault_loop","flag":"vel_changed","should_start_func":"is_moving","should_stop_func":"is_not_moving"}}},"TEMP_texelinfo":6.39639}