{"base_spec":"/pa/units/land/base_bot/base_bot.json","display_name":"Dox","description":"Assault: Anti-land and anti-ship lasers","display_group":40,"display_index":80,"max_health":80,"build_metal_cost":180,"unit_types":["UNITTYPE_Bot","UNITTYPE_Mobile","UNITTYPE_Land","UNITTYPE_Basic"],"guard_radius":90,"guard_layer":"WL_AnySurface","navigation":{"type":"land-small","acceleration":150,"brake":150,"move_speed":12,"turn_speed":720,"dodge_radius":15,"dodge_multiplier":1.0,"wobble_factor":0.1,"wobble_speed":0.2},"physics":{"radius":2.0,"push_class":2,"air_friction":0.5},"recon":{"observer":{"items":[{"layer":"surface_and_air","channel":"sight","shape":"capsule","radius":85}]}},"model":{"filename":"/pa/units/land/amphibious_bot/amphibious_bot.papa","animations":{"death01":"/pa/units/land/amphibious_bot/amphibious_bot_anim_death01.papa","walk":"/pa/units/land/amphibious_bot/amphibious_bot_anim_run.papa","aim_up":"/pa/units/land/amphibious_bot/amphibious_bot_anim_aim_up.papa","aim_down":"/pa/units/land/amphibious_bot/amphibious_bot_anim_aim_dwn.papa"},"animtree":"/pa/anim/anim_trees/bipedal_mech.json","walk_speed":8.4545},"tools":[{"spec_id":"/pa/units/land/amphibious_bot/amphibious_bot_tool_weapon.json","aim_bone":"socket_aim","muzzle_bone":"socket_rightMuzzle"},{"spec_id":"/pa/units/land/amphibious_bot/amphibious_bot_tool_weapon.json","aim_bone":"socket_aim","muzzle_bone":"socket_leftMuzzle"}],"events":{"build_complete":{"audio_cue":"/SE/Build_Complete/bot"},"firing":{"audio_cue":"/SE/Weapons/bot/assault_fire","effect_spec":"/pa/effects/specs/default_small_muzzle_flash.pfx socket_rightMuzzle /pa/effects/specs/default_small_muzzle_flash.pfx socket_leftMuzzle"},"died":{"audio_cue":"/SE/Death/Bot","effect_spec":"/pa/effects/specs/default_explosion.pfx","effect_scale":0.5}},"audio":{"loops":{"move":{"cue":"/SE/Movement/bot/assault_loop","flag":"vel_changed","should_start_func":"is_moving","should_stop_func":"is_not_moving"}}},"mesh_bounds":[3.59127,2.45547,3.58814],"TEMP_texelinfo":4.07719}