{
  "TEMP_texelinfo": 14.2924,
  "base_spec": "/pa/units/land/base_structure/base_structure.json",
  "build_metal_cost": 6480,
  "consumption": {
    "energy": 2000
  },
  "description": "Sonar: Detects underwater units",
  "display_group": 50,
  "display_index": 110,
  "display_name": "Advanced Sonar",
  "events": {
    "build_complete": {
      "audio_cue": "/SE/Build_Complete/sea"
    },
    "died": {
      "audio_cue": "/SE/Death/Sea"
    }
  },
  "max_health": 3000,
  "model": {
    "animations": {
      "idle": "/pa/units/sea/sonar_adv/sonar_adv_anim_work.papa"
    },
    "animtree": "/pa/anim/anim_trees/constant_idle_anim_tree.json",
    "filename": "/pa/units/sea/sonar_adv/sonar_adv.papa"
  },
  "recon": {
    "observer": {
      "items": [
        {
          "channel": "sight",
          "layer": "surface_and_air",
          "radius": 150,
          "shape": "capsule"
        }
      ]
    }
  },
  "spawn_layers": "WL_WaterSurface",
  "unit_types": [
    "UNITTYPE_Structure",
    "UNITTYPE_Recon"
  ]
}
