{"base_spec":"/pa/units/land/base_structure/base_structure.json","display_name":"Advanced Metal Extractor","description":"Advanced Metal: Produces metal, can only be placed on metal deposits","display_group":80,"display_index":85,"max_health":5000,"build_metal_cost":2000,"atrophy_rate":100.0,"atrophy_cool_down":30.0,"spawn_layers":"WL_AnyHorizontalGroundOrWaterSurface","feature_requirements":["metal_spot"],"area_build_type":"Sphere","production":{"metal":24},"consumption":{"energy":0},"unit_types":["UNITTYPE_Structure","UNITTYPE_Advanced","UNITTYPE_MetalProduction","UNITTYPE_FabAdvBuild","UNITTYPE_Economy"],"recon":{"observer":{"items":[{"layer":"surface_and_air","channel":"sight","shape":"capsule","radius":100}]}},"model":[{"layer":"WL_LandHorizontal","filename":"/pa/units/land/metal_extractor_adv/metal_extractor_adv.papa","animations":{"idle":"/pa/units/land/metal_extractor_adv/metal_extractor_adv_anim_work.papa"},"animtree":"/pa/anim/anim_trees/constant_idle.json","arrows":10},{"layer":"WL_WaterSurface","filename":"/pa/units/sea/sea_metal_extractor_adv/sea_metal_extractor_adv.papa","animations":{"idle":"/pa/units/sea/sea_metal_extractor_adv/sea_metal_extractor_adv_anim_work.papa"},"animtree":"/pa/anim/anim_trees/constant_idle.json","arrows":10}],"replaceable_units":["/pa/units/land/metal_extractor/metal_extractor.json"],"events":{"build_complete":{"audio_cue":"/SE/Build_Complete/metal"},"died":{"audio_cue":"/SE/Death/Factory","effect_scale":0.7}},"lamps":[{"offset":[0.0,-2.273,8.746],"radius":5.0,"color":[1.0,0.0,0.0],"intensity":1.0}],"mesh_bounds":[16.8812,13.3685,25.4932],"placement_size":[20,16],"TEMP_texelinfo":24.4307}