{"base_spec":"/pa/units/land/base_vehicle/base_vehicle.json","display_name":"Stinger","description":"AA: Anti-air shells","display_group":60,"display_index":80,"build_metal_cost":90,"max_health":80,"attachable":{"offsets":{"root":[0,0,0],"head":[0,0.3,3.0]}},"unit_types":["UNITTYPE_Bot","UNITTYPE_Mobile","UNITTYPE_AirDefense","UNITTYPE_Land","UNITTYPE_Basic","UNITTYPE_FactoryBuild"],"transportable":{"size":1},"guard_radius":120,"guard_layer":"WL_Air","navigation":{"type":"land-small","acceleration":120,"brake":120,"move_speed":12,"turn_speed":720},"physics":{"radius":2.25,"push_class":2},"recon":{"observer":{"items":[{"layer":"surface_and_air","channel":"sight","shape":"capsule","radius":100}]}},"model":{"filename":"/pa/units/land/bot_aa/bot_aa.papa","animations":{"death01":"/pa/units/land/bot_aa/bot_aa_anim_death01.papa","walk":"/pa/units/land/bot_aa/bot_aa_anim_run.papa","aim_up":"/pa/units/land/bot_aa/bot_aa_anim_aimUp.papa","aim_down":"/pa/units/land/bot_aa/bot_aa_anim_aimDown.papa"},"animtree":"/pa/anim/anim_trees/bot_aa.json","walk_speed":11.2,"arrows":5},"nearby_target_tick_update_interval":3,"tools":[{"spec_id":"/pa/units/land/bot_aa/bot_aa_tool_weapon.json","aim_bone":"bone_turret","muzzle_bone":["socket_rightMuzzle","socket_leftMuzzle"]}],"events":{"build_complete":{"audio_cue":"/SE/Build_Complete/bot"},"firing":{"audio_cue":"/SE/Weapons/bot/bot_aa_fire","effect_spec":"/pa/effects/specs/default_muzzle_flash.pfx socket_leftMuzzle /pa/effects/specs/default_muzzle_flash.pfx socket_rightMuzzle"},"died":{"audio_cue":"/SE/Death/bot","effect_scale":0.6}},"audio":{"loops":{"move":{"cue":"/SE/Movement/bot/aa_loop","flag":"vel_changed","should_start_func":"is_moving","should_stop_func":"is_not_moving"}}},"TEMP_texelinfo":5.47132}