{
  "TEMP_texelinfo": 28.8281,
  "audio": {
    "loops": {
      "move": {
        "cue": "/SE/Movement/sea/T2_missile_ship_loop",
        "flag": "vel_changed",
        "should_start_func": "is_moving",
        "should_stop_func": "is_not_moving"
      }
    }
  },
  "base_spec": "/pa/units/sea/base_ship/base_ship.json",
  "build_metal_cost": 1500,
  "description": "Long Range Powerful Strike Missiles",
  "display_group": 20,
  "display_index": 80,
  "display_name": "Stingray",
  "events": {
    "build_complete": {
      "audio_cue": "/SE/Build_Complete/sea"
    },
    "died": {
      "audio_cue": "/SE/Death/Sea"
    },
    "firing": {
      "audio_cue": "/SE/Weapons/sea/T2_missile_ship_fire"
    }
  },
  "guard_layer": "WL_HorizontalSurface",
  "guard_radius": 420,
  "max_health": 3000,
  "mesh_bounds": [
    10,
    50,
    10
  ],
  "model": {
    "arrows": 5,
    "filename": "/pa/units/sea/missile_ship/missile_ship.papa"
  },
  "navigation": {
    "acceleration": 3,
    "brake": 1,
    "move_speed": 5,
    "turn_speed": 15,
    "type": "water"
  },
  "nearby_target_tick_update_interval": 20,
  "physics": {
    "push_class": 2,
    "radius": 12
  },
  "recon": {
    "observer": {
      "items": [
        {
          "channel": "sight",
          "layer": "surface_and_air",
          "radius": 180,
          "shape": "capsule"
        }
      ]
    }
  },
  "spawn_layers": "WL_WaterSurface",
  "tools": [
    {
      "aim_bone": "socket_missile_aim",
      "muzzle_bone": [
        "socket_missile_muzzle001",
        "socket_missile_muzzle002",
        "socket_missile_muzzle005",
        "socket_missile_muzzle006"
      ],
      "spec_id": "/pa/units/sea/missile_ship/missile_ship_tool_weapon.json"
    }
  ],
  "unit_types": [
    "UNITTYPE_Naval",
    "UNITTYPE_Mobile",
    "UNITTYPE_Advanced",
    "UNITTYPE_Tactical",
    "UNITTYPE_FactoryBuild"
  ],
  "wreckage_health_frac": 0
}