{
  "armor_type": "AT_Naval",
  "audio": {
    "loops": {
      "move": {
        "cue": "/SE/Movement/sea/destroyer_loop",
        "flag": "vel_changed",
        "should_start_func": "is_moving",
        "should_stop_func": "is_not_moving"
      }
    }
  },
  "command_caps": [
    "ORDER_Move",
    "ORDER_Patrol",
    "ORDER_Attack",
    "ORDER_Assist"
  ],
  "display_group": 10,
  "display_index": 10,
  "events": {
    "build_complete": {
      "audio_cue": "/SE/Build_Complete/sea"
    },
    "died": {
      "audio_cue": "/SE/Death/Sea",
      "effect_spec": "/pa/effects/specs/default_explosion.pfx"
    },
    "fired": {
      "audio_cue": "/SE/Weapons/base/base_fire_laser"
    }
  },
  "navigation": {
    "acceleration": 1000,
    "brake": 4000,
    "dodge_multiplier": 1.0,
    "dodge_radius": 15,
    "move_speed": 1000,
    "turn_speed": 1000,
    "type": "water",
    "wobble_factor": 0.1,
    "wobble_speed": 0.2
  },
  "physics": {
    "air_friction": 1.0,
    "collision_layers": "WL_WaterSurface",
    "push_class": 2,
    "radius": 6,
    "shape": "Box"
  },
  "spawn_layers": "WL_WaterSurface",
  "unit_types": [
    "UNITTYPE_Naval",
    "UNITTYPE_Mobile",
    "UNITTYPE_NoBuild"
  ],
  "wreckage_health_frac": 0.75
}
