{
  "base_spec": "/pa/units/commanders/base_commander/base_commander.json",
  "description": "Imperial Class Commander. - If you're seeing this, something is wrong in your commander.",
  "display_name": "Imperial Class Commander",
  "model": {
    "animations": {
      "aim_down": "/pa/units/commanders/imperial_base/imperial_base_anim_aimDown.papa",
      "aim_up": "/pa/units/commanders/imperial_base/imperial_base_anim_aimUp.papa",
      "idle": "/pa/units/commanders/imperial_base/imperial_base_anim_idle.papa",
      "walk": "/pa/units/commanders/imperial_base/imperial_base_anim_walk.papa"
    },
    "animtree": "/pa/anim/anim_trees/commander_anim_tree.json",
    "filename": "/pa/units/commanders/imperial_delta/imperial_delta.papa",
    "walk_speed": 5.0
  }
}