{"base_spec":"/pa/units/land/base_structure/base_structure.json","display_name":"Advanced Energy Plant","description":"Advanced Energy: Produces energy","display_group":80,"display_index":65,"max_health":4500,"build_metal_cost":2700,"atrophy_rate":70.0,"atrophy_cool_down":30.0,"spawn_layers":"WL_AnyHorizontalGroundOrWaterSurface","area_build_type":"Line","production":{"energy":5000},"unit_types":["UNITTYPE_Structure","UNITTYPE_EnergyProduction","UNITTYPE_Advanced","UNITTYPE_FabAdvBuild","UNITTYPE_Economy"],"recon":{"observer":{"items":[{"layer":"surface_and_air","channel":"sight","shape":"capsule","radius":100}]}},"model":[{"layer":"WL_LandHorizontal","filename":"/pa/units/land/energy_plant_adv/energy_plant_adv.papa","animations":{"idle":"/pa/units/land/energy_plant_adv/energy_plant_adv_anim_work.papa"},"animtree":"/pa/anim/anim_trees/constant_idle.json","skirt_decal":"/pa/effects/specs/skirt_energy_adv.json"},{"layer":"WL_WaterSurface","filename":"/pa/units/sea/sea_energy_plant_adv/sea_energy_plant_adv.papa","animations":{"idle":"/pa/units/land/energy_plant_adv/energy_plant_adv_anim_work.papa"},"animtree":"/pa/anim/anim_trees/constant_idle.json"}],"events":{"build_complete":{"audio_cue":"/SE/Build_Complete/energy"},"died":{"audio_cue":"/SE/Death/Factory","effect_scale":0.75}},"fx_offsets":[{"type":"idle","filename":"/pa/units/land/energy_plant_adv/energy_plant_adv_idle.pfx","offset":[0,0,6.7]}],"headlights":[{"gobo":"/pa/effects/textures/gobo/spotlight_gobo.papa","offset":[7.25,7.25,8.0],"orientation":[35.25,-30.0,125.25],"near_width":4.4,"near_height":4.4,"near_distance":2.0,"far_distance":25.0,"color":[1.0,1.0,1.0],"intensity":1.0},{"gobo":"/pa/effects/textures/gobo/spotlight_gobo.papa","offset":[7.25,-7.25,8.0],"orientation":[35.25,30.0,54.75],"near_width":4.4,"near_height":4.4,"near_distance":2.0,"far_distance":25.0,"color":[1.0,1.0,1.0],"intensity":1.0},{"gobo":"/pa/effects/textures/gobo/spotlight_gobo.papa","offset":[-7.25,-7.25,8.0],"orientation":[-35.25,30.0,-54.75],"near_width":4.4,"near_height":4.4,"near_distance":2.0,"far_distance":25.0,"color":[1.0,1.0,1.0],"intensity":1.0},{"gobo":"/pa/effects/textures/gobo/spotlight_gobo.papa","offset":[-7.25,7.25,8.0],"orientation":[-35.25,-30.0,-125.25],"near_width":4.4,"near_height":4.4,"near_distance":2.0,"far_distance":25.0,"color":[1.0,1.0,1.0],"intensity":1.0}],"lamps":[{"offset":[7.25,7.25,8.0],"radius":3.0,"color":[1.0,1.0,1.0],"intensity":2.0},{"offset":[7.25,-7.25,8.0],"radius":3.0,"color":[1.0,1.0,1.0],"intensity":2.0},{"offset":[-7.25,-7.25,8.0],"radius":3.0,"color":[1.0,1.0,1.0],"intensity":2.0},{"offset":[-7.25,7.25,8.0],"radius":3.0,"color":[1.0,1.0,1.0],"intensity":2.0},{"offset":[0.0,-4.15,2.3],"radius":4.5,"color":[1.0,1.0,1.0],"intensity":1.0,"bone":"bone_rotor02"},{"offset":[-3.59,2.08,2.3],"radius":4.5,"color":[1.0,1.0,1.0],"intensity":1.0,"bone":"bone_rotor02"},{"offset":[3.59,2.08,2.3],"radius":4.5,"color":[1.0,1.0,1.0],"intensity":1.0,"bone":"bone_rotor02"},{"offset":[0.0,7.43,22.97],"radius":4.0,"color":[1.0,0.0,0.0],"intensity":2.0}],"mesh_bounds":[20,20,25.4398],"TEMP_texelinfo":32.6108}