{
  "base_spec": "/pa/ammo/base_missiles/base_missile_aa_seeking.json",
  "damage": 200,
  "initial_velocity": 225.0,
  "lifetime": 6.0,
  "max_velocity": 225.0,
  "splash_damage": 0,
  "splash_radius": 0,
  "turn_rate": 600.0,"events": {
    "collided": {
      "audio_cue": "/SE/Weapons/structure/air_defense_flak_fire",
      "effect_spec": "/pa/effects/specs/default_proj_flak_explosion.pfx"
    }
  },
  "full_damage_splash_radius": 2,
  "splash_damage": 200,
  "splash_damages_allies": false,
  "splash_radius": 24
}