{"base_spec":"/pa/units/land/base_structure/base_structure.json","display_name":"Advanced Naval Factory","description":"Advanced Factory: Builds naval units","display_group":75,"display_index":45,"max_health":10000,"build_metal_cost":4800,"atrophy_rate":100.0,"atrophy_cool_down":30.0,"spawn_layers":"WL_WaterSurface","buildable_types":"Naval & Mobile & FactoryBuild","rolloff_dirs":[[0,1,0],[0,-1,0]],"wait_to_rolloff_time":0,"factory_cooldown_time":20,"unit_types":["UNITTYPE_Factory","UNITTYPE_Construction","UNITTYPE_Naval","UNITTYPE_Structure","UNITTYPE_Advanced"],"command_caps":["ORDER_Move","ORDER_Patrol","ORDER_FactoryBuild","ORDER_Reclaim","ORDER_Repair","ORDER_Attack","ORDER_Assist"],"recon":{"observer":{"items":[{"layer":"surface_and_air","channel":"sight","shape":"capsule","radius":100}]}},"model":{"filename":"/pa/units/sea/naval_factory_adv/naval_factory_adv.papa","animations":{"build_start":"/pa/units/sea/naval_factory_adv/naval_factory_adv_anim_start.papa","build_loop":"/pa/units/sea/naval_factory_adv/naval_factory_adv_anim_build.papa","build_end":"/pa/units/sea/naval_factory_adv/naval_factory_adv_anim_end.papa"},"animtree":"/pa/anim/anim_trees/factory.json"},"tools":[{"spec_id":"/pa/units/sea/naval_factory_adv/naval_factory_adv_build_arm.json","aim_bone":"bone_root"}],"events":{"build_complete":{"audio_cue":"/SE/Build_Complete/sea"},"died":{"audio_cue":"/SE/Death/Sea_large"}},"audio":{"loops":{"build":{"cue":"/SE/Construction/Factory_contruction_loop_naval","flag":"build_target_changed","should_start_func":"has_build_target","should_stop_func":"no_build_target"}}},"fx_offsets":[{"type":"build","filename":"/pa/effects/specs/fab_spray.pfx","bone":"socket_muzzle01","offset":[0,0,0],"orientation":[0,0,0]},{"type":"build","filename":"/pa/effects/specs/fab_spray.pfx","bone":"socket_muzzle02","offset":[0,0,0],"orientation":[0,0,0]},{"type":"build","filename":"/pa/effects/specs/fab_spray.pfx","bone":"socket_muzzle03","offset":[0,0,0],"orientation":[0,0,0]},{"type":"build","filename":"/pa/effects/specs/fab_spray.pfx","bone":"socket_muzzle04","offset":[0,0,0],"orientation":[0,0,0]}],"mesh_bounds":[50,100,30],"placement_size":[50,140],"area_build_separation":7,"TEMP_texelinfo":69.307}