{"base_spec":"/pa/units/land/base_bot/base_bot.json","display_name":"Gil-E","description":"Sniper Bot: Long range, anti-land, and anti-ship bot","display_group":60,"display_index":100,"max_health":200,"build_metal_cost":540,"attachable":{"offsets":{"root":[0,0,0],"head":[0,0,4.2]}},"unit_types":["UNITTYPE_Bot","UNITTYPE_Mobile","UNITTYPE_Land","UNITTYPE_Artillery","UNITTYPE_Advanced","UNITTYPE_FactoryBuild"],"guard_radius":140,"guard_layer":"WL_AnySurface","navigation":{"type":"land-small","acceleration":120,"brake":120,"move_speed":12,"turn_speed":720},"transportable":{"size":1},"physics":{"radius":2.0,"push_class":2},"recon":{"observer":{"items":[{"layer":"surface_and_air","channel":"sight","shape":"capsule","radius":100}]}},"model":{"filename":"/pa/units/land/bot_artillery_adv/bot_artillery_adv.papa","animations":{"death01":"/pa/units/land/bot_artillery_adv/bot_artillery_adv_anim_death01.papa","walk":"/pa/units/land/bot_artillery_adv/bot_artillery_adv_anim_run.papa","aim_up":"/pa/units/land/bot_artillery_adv/bot_artillery_adv_anim_aimUp.papa"},"animtree":"/pa/anim/anim_trees/bot_artillery_adv.json","walk_speed":11.5636,"arrows":5},"nearby_target_tick_update_interval":15,"tools":[{"spec_id":"/pa/units/land/bot_artillery_adv/bot_artillery_adv_tool_weapon.json","aim_bone":"bone_turret","muzzle_bone":"socket_muzzle"}],"events":{"build_complete":{"audio_cue":"/SE/Build_Complete/bot"},"firing":{"audio_cue":"/SE/Weapons/bot/artillery_fire","effect_spec":"/pa/effects/specs/tank_muzzle_flash.pfx socket_muzzle"},"died":{"audio_cue":"/SE/Death/Bot","effect_spec":"/pa/effects/specs/default_explosion.pfx","effect_scale":0.8}},"audio":{"loops":{"move":{"cue":"/SE/Movement/bot/T2_artillery_loop","flag":"vel_changed","should_start_func":"is_moving","should_stop_func":"is_not_moving"}}},"mesh_bounds":[3.92307,4.92093,4.44499],"TEMP_texelinfo":5.32966}