{
  "TEMP_texelinfo": 2.37699,
  "base_spec": "/pa/units/land/base_structure/base_structure.json",
  "build_metal_cost": 300,
  "description": "Jellyfish: Analysis: Jellyfish: Detonates when subs or ships are near",
  "display_group": 50,
  "display_index": 40,
  "display_name": "Jellyfish",
  "events": {
    "build_complete": {
      "audio_cue": "/SE/Build_Complete/sea"
    },
    "died": {
      "audio_cue": "/SE/Death/Sea"
    }
  },
  "max_health": 100,
  "model": {
    "filename": "/pa/units/sea/sea_mine/sea_mine.papa"
  },
  "recon": {
    "observer": {
      "items": [
        {
          "channel": "sight",
          "layer": "surface_and_air",
          "radius": 1,
          "shape": "capsule"
        }
      ]
    }
  },
  "spawn_layers": "WL_DeepWater",
  "unit_types": [
    "UNITTYPE_Structure",
    "UNITTYPE_Naval",
    "UNITTYPE_Defense",
    "UNITTYPE_Basic"
  ]
}