{"base_spec":"/pa/units/land/base_vehicle/base_vehicle.json","display_name":"Flux","description":"Advanced Tank: Anti-land and anti-ship guns","display_group":40,"display_index":100,"max_health":625,"wreckage_health_frac":1.0,"build_metal_cost":225,"unit_types":["UNITTYPE_Tank","UNITTYPE_Mobile","UNITTYPE_Land"],"guard_radius":125,"guard_layer":"WL_AnySurface","navigation":{"type":"amphibious","acceleration":2,"brake":70,"move_speed":6,"turn_speed":60,"dodge_radius":15,"dodge_multiplier":1.0,"wobble_factor":0.1,"wobble_speed":0.2},"physics":{"radius":5,"push_class":2},"recon":{"observer":{"items":[{"layer":"surface_and_air","channel":"sight","shape":"capsule","radius":100}]}},"model":{"filename":"/pa/units/land/tank_amphibious_adv/tank_amphibious_adv.papa","animtree":"/pa/anim/anim_trees/turret.json","arrows":5},"tools":[{"spec_id":"/pa/units/land/tank_amphibious_adv/tank_amphibious_adv_tool_weapon.json","aim_bone":"socket_aim","muzzle_bone":"socket_leftMuzzle"}],"events":{"build_complete":{"audio_cue":"/SE/Build_Complete/veh"},"firing":{"audio_cue":"/SE/Weapons/veh/tank_heavy_mortar_fire","effect_spec":"/pa/effects/specs/tank_muzzle_flash.pfx socket_leftMuzzle /pa/effects/specs/tank_muzzle_flash.pfx socket_rightMuzzle"},"died":{"audio_cue":"/SE/Death/Veh","effect_scale":1.6}},"audio":{"loops":{"move":{"cue":"/SE/Movement/veh/tank_heavy_mortar_loop","flag":"vel_changed","should_start_func":"is_moving","should_stop_func":"is_not_moving"}}},"TEMP_texelinfo":10.3794}