{
  "TEMP_texelinfo": 5.32966,
  "attachable": {
    "offsets": {
      "head": [
        0,
        0,
        4.2
      ],
      "root": [
        0,
        0,
        0
      ]
    }
  },
  "audio": {
    "loops": {
      "move": {
        "cue": "/SE/Movement/bot/T2_artillery_loop",
        "flag": "vel_changed",
        "should_start_func": "is_moving",
        "should_stop_func": "is_not_moving"
      }
    }
  },
  "base_spec": "/pa/units/land/base_bot/base_bot.json",
  "build_metal_cost": 200,
  "description": "Crasher: Analysis: Skirmish: Fast speed. Slow, high damage attack, long reload time. Amphibious. Effective vs structures, naval. Weak vs land.",
  "display_group": 60,
  "display_index": 100,
  "display_name": "Crasher",
  "events": {
    "build_complete": {
      "audio_cue": "/SE/Build_Complete/bot"
    },
    "died": {
      "audio_cue": "/SE/Death/Bot",
      "effect_scale": 0.8,
      "effect_spec": "/pa/effects/specs/default_explosion.pfx"
    },
    "fired": {
      "audio_cue": "/SE/Weapons/bot/artillery_fire",
      "effect_spec": "/pa/effects/specs/tank_muzzle_flash.pfx socket_muzzle"
    }
  },
  "guard_layer": "WL_AnySurface",
  "guard_radius": 140,
  "max_health": 110,
  "mesh_bounds": [
    3.92307,
    4.92093,
    4.44499
  ],
  "model": {
    "animations": {
      "aim_up": "/pa/units/land/bot_artillery_adv/bot_artillery_adv_anim_aimUp.papa",
      "death01": "/pa/units/land/bot_artillery_adv/bot_artillery_adv_anim_death01.papa",
      "walk": "/pa/units/land/bot_artillery_adv/bot_artillery_adv_anim_run.papa"
    },
    "animtree": "/pa/anim/anim_trees/bot_artillery_adv_anim_tree.json",
    "arrows": 5,
    "filename": "/pa/units/land/bot_artillery_adv/bot_artillery_adv.papa",
    "walk_speed": 14
  },
  "navigation": {
    "acceleration": 120,
    "brake": 120,
    "move_speed": 14,
    "turn_speed": 720,
    "type": "amphibious"
  },
  "nearby_target_tick_update_interval": 15,
  "physics": {
    "push_class": 2,
    "radius": 2.0
  },
  "recon": {
    "observer": {
      "items": [
        {
          "channel": "sight",
          "layer": "surface_and_air",
          "radius": 110,
          "shape": "capsule"
        }
      ]
    }
  },
  "tools": [
    {
      "aim_bone": "bone_turret",
      "muzzle_bone": "socket_muzzle",
      "spec_id": "/pa/units/land/amphibious_bot/amphibious_bot_tool_weapon.json"
    },
    {
      "aim_bone": "bone_turret",
      "muzzle_bone": "socket_muzzle",
      "spec_id": "/pa/units/land/amphibious_bot/amphibious_bot_torpedo_tool_weapon.json"
    }
  ],
  "transportable": {
    "size": 1
  },
  "unit_types": [
    "UNITTYPE_Bot",
    "UNITTYPE_Mobile",
    "UNITTYPE_Land",
    "UNITTYPE_Basic",
    "UNITTYPE_FactoryBuild"
  ]
}