{
  "TEMP_texelinfo": 10.4007,
  "area_build_separation": 18,
  "base_spec": "/pa/units/land/base_structure/base_structure.json",
  "build_metal_cost": 550,
  "command_caps": [
    "ORDER_Attack"
  ],
  "description": "Torpedo Launcher: Analysis: Defense: Anti-sub and anti-ship torpedos. Effective vs light armored.",
  "display_group": 50,
  "display_index": 70,
  "display_name": "Torpedo Launcher",
  "events": {
    "build_complete": {
      "audio_cue": "/SE/Build_Complete/sea"
    },
    "died": {
      "audio_cue": "/SE/Death/Sea"
    },
    "fired": {
      "audio_cue": "/SE/Weapons/sea/attack_sub_fire"
    }
  },
  "guard_layer": "WL_WaterSurface",
  "guard_radius": 250,
  "max_health": 3000,
  "mesh_bounds": [
    10.413,
    8.25399,
    9.09458
  ],
  "model": {
    "animations": {
      "idle": "/pa/units/sea/torpedo_launcher/torpedo_launcher_anim_idle.papa"
    },
    "animtree": "/pa/anim/anim_trees/torpedo_launcher_anim_tree.json",
    "filename": "/pa/units/sea/torpedo_launcher/torpedo_launcher.papa"
  },
  "recon": {
    "observer": {
      "items": [
        {
          "channel": "sight",
          "layer": "surface_and_air",
          "radius": 150,
          "shape": "capsule"
        }
      ]
    }
  },
  "spawn_layers": "WL_WaterSurface",
  "tools": [
    {
      "aim_bone": "bone_turret",
      "muzzle_bone": "socket_rightMuzzle",
      "spec_id": "/pa/units/sea/torpedo_launcher/torpedo_launcher_tool_weapon.json"
    }
  ],
  "unit_types": [
    "UNITTYPE_Structure",
    "UNITTYPE_Basic",
    "UNITTYPE_Naval",
    "UNITTYPE_Defense",
    "UNITTYPE_CmdBuild",
    "UNITTYPE_FabBuild",
    "UNITTYPE_Custom1"
  ]
}