{"base_spec":"/pa/units/land/base_structure/base_structure.json","display_name":"Advanced Torpedo Launcher","description":"Defense: Advanced anti-sub and anti-ship defense","display_group":50,"display_index":75,"max_health":4600,"build_metal_cost":6000,"spawn_layers":"WL_WaterSurface","area_build_separation":18,"unit_types":["UNITTYPE_Structure","UNITTYPE_Advanced","UNITTYPE_Naval","UNITTYPE_Defense","UNITTYPE_FabAdvBuild"],"guard_radius":320,"guard_layer":"WL_AnySurface","command_caps":["ORDER_Attack"],"events":{"build_complete":{"audio_cue":"/SE/Build_Complete/sea"},"firing":{"audio_cue":"/SE/Weapons/sea/torpedo_fire"},"died":{"audio_cue":"/SE/Death/Sea"}},"model":{"filename":"/pa/units/sea/torpedo_launcher_adv/torpedo_launcher_adv.papa","animations":{"idle":"/pa/units/sea/torpedo_launcher/torpedo_launcher_anim_idle.papa"},"animtree":"/pa/anim/anim_trees/torpedo_launcher_adv.json"},"tools":[{"spec_id":"/pa/units/sea/torpedo_launcher_adv/torpedo_launcher_adv_tool_weapon.json","aim_bone":"bone_turret","muzzle_bone":"socket_rightMuzzle"}],"TEMP_texelinfo":14.1009}