{"base_spec":"/pa/units/sea/base_ship/base_ship.json","display_name":"Barracuda","description":"Sub Class: Anti-sub and anti-ship torpedoes, long range ballistic nuclear missile","display_group":40,"display_index":100,"max_health":700,"build_metal_cost":4320,"spawn_layers":"WL_WaterSurface","mesh_bounds":[5,35,5],"unit_types":["UNITTYPE_Naval","UNITTYPE_Mobile","UNITTYPE_Advanced","UNITTYPE_Sub"],"navigation":{"type":"water","acceleration":50,"brake":50,"move_speed":10,"turn_speed":30,"dodge_radius":15,"dodge_multiplier":1.0,"wobble_factor":0.0,"wobble_speed":0.0},"physics":{"radius":6,"push_class":2},"recon":{"observer":{"items":[{"layer":"surface_and_air","channel":"sight","shape":"capsule","radius":200}]}},"model":{"filename":"/pa/units/sea/nuclear_sub/nuclear_sub.papa","arrows":5},"tools":[{"spec_id":"/pa/units/sea/nuclear_sub/nuclear_sub_tool_weapon.json","aim_bone":"bone_root","muzzle_bone":"bone_root"}],"events":{"build_complete":{"audio_cue":"/SE/Build_Complete/sea"},"firing":{"audio_cue":"/SE/Weapons/sea/nuclear_sub_fire"},"died":{"audio_cue":"/SE/Death/Sea_sub"}},"audio":{"loops":{"move":{"cue":"/SE/Movement/sea/nuclear_sub_loop","flag":"vel_changed","should_start_func":"is_moving","should_stop_func":"is_not_moving"}}},"TEMP_texelinfo":16.0481}