{
  "TEMP_texelinfo": 10.4258,
  "audio": {
    "loops": {
      "move": {
        "cue": "/SE/Movement/air/air_bomber_loop",
        "flag": "vel_changed",
        "should_start_func": "is_moving",
        "should_stop_func": "is_not_moving"
      }
    }
  },
  "base_spec": "/pa/units/air/base_flyer/base_flyer.json",
  "build_metal_cost": 180,
  "description": "Bomber: Anti-land and anti-naval bombs. Very effective vs Structures, effective vs units.",
  "display_group": 40,
  "display_index": 80,
  "display_name": "Bumblebee",
  "events": {
    "build_complete": {
      "audio_cue": "/SE/Build_Complete/air"
    },
    "died": {
      "audio_cue": "/SE/Death/Air",
      "effect_spec": "/pa/effects/specs/default_explosion.pfx"
    },
    "firing": {
      "audio_cue": "/SE/Weapons/air/bomber_fire"
    }
  },
  "fx_offsets": [
    {
      "filename": "/pa/units/air/bomber/bomber_jets.pfx",
      "offset": [
        0,
        2.32,
        1.393
      ],
      "type": "moving_forward"
    }
  ],
  "guard_layer": "WL_AnySurface",
  "guard_radius": 100,
  "max_health": 200,
  "model": {
    "arrows": 5,
    "filename": "/pa/units/air/bomber/bomber.papa"
  },
  "navigation": {
    "acceleration": 75,
    "aggressive_distance": 250.0,
    "aggressive_height": 100.0,
    "brake": 20,
    "dodge_multiplier": 0.0,
    "dodge_radius": 0,
    "move_speed": 68,
    "turn_speed": 55,
    "type": "air",
    "wobble_factor": 0.05,
    "wobble_speed": 0.1
  },
  "physics": {
    "air_friction": 1.0,
    "allow_pushing": false,
    "gravity_scalar": 1,
    "push_class": 2,
    "push_sideways": false,
    "radius": 6
  },
  "recon": {
    "observer": {
      "items": [
        {
          "channel": "sight",
          "layer": "surface_and_air",
          "radius": 200,
          "shape": "capsule"
        }
      ]
    }
  },
  "tools": [
    {
      "aim_bone": "bone_root",
      "muzzle_bone": "bone_root",
      "spec_id": "/pa/units/air/bomber/bomber_tool_weapon.json"
    }
  ],
  "unit_types": [
    "UNITTYPE_Bomber",
    "UNITTYPE_Mobile",
    "UNITTYPE_Air",
    "UNITTYPE_Basic",
    "UNITTYPE_FactoryBuild"
  ]
}
