{
  "build_list": [
    {
      "build_conditions": [
        [
          {
            "compare0": ">=",
            "test_type": "UnitPoolCount",
            "unit_type_string0": "(Naval & Mobile) - Fabber",
            "value0": 1
          },
          {
            "boolean": true,
            "test_type": "CanAttackWithPoolUnits"
          }
        ]
      ],
      "instance_count": -1,
      "name": "Naval Attack Platoon",
      "priority": 100,
      "task_type": "NavalAttack",
      "to_build": "Naval_Attack"
    }
  ]
}