{
  "TEMP_texelinfo": 6.38702,
  "attachable": {
    "offsets": {
      "head": [
        0,
        0.25,
        4.5
      ],
      "root": [
        0,
        0,
        0
      ]
    }
  },
  "audio": {
    "loops": {
      "build": {
        "cue": "/SE/Construction/Fab_contruction_beam_loop",
        "flag": "build_target_changed",
        "should_start_func": "has_build_target",
        "should_stop_func": "no_build_target"
      },
      "move": {
        "cue": "/SE/Movement/bot/T2_fab_loop",
        "flag": "vel_changed",
        "should_start_func": "is_moving",
        "should_stop_func": "is_not_moving"
      }
    }
  },
  "base_spec": "/pa/units/land/base_bot/base_bot.json",
  "build_metal_cost": 750,
  "buildable_types": "Land & Structure & Advanced - Factory| Factory & Advanced & Bot & Land | FabAdvBuild | FabBuild",
  "command_caps": [
    "ORDER_Move",
    "ORDER_Patrol",
    "ORDER_Build",
    "ORDER_Reclaim",
    "ORDER_Repair",
    "ORDER_Assist",
    "ORDER_Use"
  ],
  "description": "Advanced Fabrication: Builds structures",
  "display_group": 100,
  "display_index": 100,
  "display_name": "Advanced Fabrication Bot",
  "events": {
    "build_complete": {
      "audio_cue": "/SE/Build_Complete/fab"
    },
    "died": {
      "audio_cue": "/SE/Death/Bot",
      "effect_scale": 0.8
    }
  },
  "fx_offsets": [
    {
      "bone": "socket_rightMuzzle",
      "filename": "/pa/effects/specs/fab_spray.pfx",
      "offset": [
        0,
        0,
        0
      ],
      "orientation": [
        0,
        0,
        0
      ],
      "type": "build"
    },
    {
      "bone": "socket_leftMuzzle",
      "filename": "/pa/effects/specs/fab_spray.pfx",
      "offset": [
        0,
        0,
        0
      ],
      "orientation": [
        0,
        0,
        0
      ],
      "type": "build"
    }
  ],
  "guard_layer": "WL_LandHorizontal",
  "guard_radius": 60,
  "max_health": 300,
  "model": {
    "animations": {
      "aim_down": "/pa/units/land/fabrication_bot_adv/fabrication_bot_adv_anim_aimDown.papa",
      "aim_up": "/pa/units/land/fabrication_bot_adv/fabrication_bot_adv_anim_aimUp.papa",
      "death01": "/pa/units/land/fabrication_bot_adv/fabrication_bot_adv_anim_death01.papa",
      "walk": "/pa/units/land/fabrication_bot_adv/fabrication_bot_adv_anim_run.papa"
    },
    "animtree": "/pa/anim/anim_trees/fabrication_bipedal_mech.json",
    "filename": "/pa/units/land/fabrication_bot_adv/fabrication_bot_adv.papa",
    "walk_speed": 4.9
  },
  "navigation": {
    "acceleration": 120,
    "brake": 120,
    "group_preference": "back",
    "move_speed": 12,
    "turn_speed": 720,
    "type": "land-small"
  },
  "physics": {
    "allow_pushing": true,
    "push_class": 100,
    "radius": 4
  },
  "recon": {
    "observer": {
      "items": [
        {
          "channel": "sight",
          "layer": "surface_and_air",
          "radius": 100,
          "shape": "capsule"
        }
      ]
    }
  },
  "spawn_layers": "WL_LandHorizontal",
  "tools": [
    {
      "aim_bone": "bone_root",
      "spec_id": "/pa/units/land/fabrication_bot_adv/fabrication_bot_adv_build_arm.json"
    }
  ],
  "transportable": {
    "size": 1
  },
  "unit_types": [
    "UNITTYPE_Fabber",
    "UNITTYPE_Construction",
    "UNITTYPE_Bot",
    "UNITTYPE_Mobile",
    "UNITTYPE_Land",
    "UNITTYPE_Advanced",
    "UNITTYPE_FactoryBuild"
  ]
}