{"base_spec":"/pa/tools/base_bomb_bay/base_bomb_bay.json","ammo_id":"/pa/units/air/bomber/bomber_ammo.json","ammo_source":"energy","rate_of_fire":0.25,"ammo_capacity":1000,"ammo_demand":250,"ammo_per_shot":1000,"max_range":5,"yaw_rate":3600,"pitch_rate":3600,"yaw_range":180,"pitch_range":180,"auto_attack":true,"spread_fire":false,"carpet_fire":false,"target_layers":["WL_LandHorizontal","WL_WaterSurface","WL_Seafloor"],"events":{"died":{"audio_cue":"/SE/Impacts/shell_artillery","effect_spec":"/pa/effects/specs/default_proj_area_explosion.pfx"}}}