{"base_spec":"/pa/units/air/base_flyer/base_flyer.json","display_name":"Bumblebee","description":"Bomber: Anti-land and anti-naval bombs","display_group":40,"display_index":80,"max_health":100,"build_metal_cost":180,"unit_types":["UNITTYPE_Bomber","UNITTYPE_Mobile","UNITTYPE_Air","UNITTYPE_Basic","UNITTYPE_FactoryBuild"],"guard_radius":100,"guard_layer":"WL_AnySurface","navigation":{"type":"air","acceleration":75,"brake":20,"move_speed":75,"turn_speed":55,"dodge_radius":0,"dodge_multiplier":0.0,"aggressive_distance":250.0,"aggressive_height":100.0,"wobble_factor":0.05,"wobble_speed":0.1},"physics":{"radius":6,"gravity_scalar":1,"push_class":2,"push_sideways":false,"allow_pushing":false,"air_friction":1.0},"recon":{"observer":{"items":[{"layer":"surface_and_air","channel":"sight","shape":"capsule","radius":200}]}},"model":{"filename":"/pa/units/air/bomber/bomber.papa","arrows":5},"tools":[{"spec_id":"/pa/units/air/bomber/bomber_tool_weapon.json","aim_bone":"bone_root","muzzle_bone":"bone_root"}],"events":{"build_complete":{"audio_cue":"/SE/Build_Complete/air"},"firing":{"audio_cue":"/SE/Weapons/air/bomber_fire"},"died":{"audio_cue":"/SE/Death/Air","effect_spec":"/pa/effects/specs/default_explosion.pfx"}},"fx_offsets":[{"type":"moving_forward","filename":"/pa/units/air/bomber/bomber_jets.pfx","offset":[0,2.32,1.393]}],"audio":{"loops":{"move":{"cue":"/SE/Movement/air/air_bomber_loop","flag":"vel_changed","should_start_func":"is_moving","should_stop_func":"is_not_moving"}}},"TEMP_texelinfo":10.4258}