{
  "ammo_capacity": 1000,
  "ammo_demand": 200,
  "ammo_id": "/pa/units/land/bot_sniper/bot_sniper_ammo.json",
  "ammo_per_shot": 1000,
  "ammo_source": "energy",
  "auto_attack": true,
  "base_spec": "/pa/tools/base_shell_turret/base_shell_turret.json",
  "idle_aim_delay": 3.0,
  "max_range": 140,
  "pitch_range": 80,
  "pitch_rate": 90,
  "rate_of_fire": 0.2,
  "spread_fire": true,
  "target_layers": [
    "WL_LandHorizontal",
    "WL_Seafloor",
    "WL_DeepWater"
  ],
  "yaw_range": 160,
  "yaw_rate": 40
}