{"base_spec":"/pa/units/orbital/base_orbital/base_orbital.json","display_name":"Advanced Radar Satellite","description":"Advanced Radar Satellite: Detects a large area for enemy land, sea, and air units","max_health":5000,"build_metal_cost":5300,"spawn_layers":"WL_Orbital","system_velocity_multiplier":6.0,"gravwell_velocity_multiplier":6.0,"attachable":{"offsets":{"root":[0,0,0]}},"consumption":{"energy":9000},"energy_efficiency_requirement":0.9,"unit_types":["UNITTYPE_Mobile","UNITTYPE_Orbital","UNITTYPE_Advanced","UNITTYPE_Recon","UNITTYPE_FactoryBuild"],"command_caps":["ORDER_Move","ORDER_Patrol","ORDER_Assist"],"navigation":{"type":"orbital","acceleration":10,"brake":10,"move_speed":10,"turn_speed":90,"hover_time":-1.0},"physics":{"radius":5,"push_class":15,"gravity_scalar":0.001},"recon":{"observer":{"items":[{"layer":"surface_and_air","channel":"radar","shape":"capsule","radius":1000,"uses_energy":true},{"layer":"surface_and_air","channel":"sight","shape":"capsule","radius":600,"uses_energy":true},{"layer":"orbital","channel":"sight","shape":"capsule","radius":600,"uses_energy":true},{"layer":"orbital","channel":"radar","shape":"capsule","radius":1200,"uses_energy":true}]}},"model":{"filename":"/pa/units/orbital/radar_satellite_adv/radar_satellite_adv.papa","animations":{"open":"/pa/units/orbital/radar_satellite_adv/radar_satellite_adv_anim_open.papa","deploy":"/pa/units/orbital/radar_satellite_adv/radar_satellite_adv_anim_deploy.papa","closed":"/pa/units/orbital/radar_satellite_adv/radar_satellite_adv_anim_closed.papa"},"animtree":"/pa/anim/anim_trees/satellite_launched.json"},"events":{"build_complete":{"audio_cue":"/SE/Build_Complete/orbital"},"firing":{"audio_cue":"/SE/Weapons/air/bomber_fire"},"died":{"audio_cue":"/SE/Death/orbital","effect_spec":"/pa/effects/specs/default_explosion.pfx"}},"mesh_bounds":[25,15,15],"TEMP_texelinfo":22.7385}