{"base_spec":"/pa/units/land/base_bot/base_bot.json","display_name":"Boom","description":"Self Destruction Bot","display_group":40,"display_index":60,"max_health":200,"build_metal_cost":60,"wreckage_health_frac":0.0,"spawn_layers":"WL_LandHorizontal","attachable":{"offsets":{"root":[0,0,0],"head":[0,0,1.8]}},"unit_types":["UNITTYPE_Bot","UNITTYPE_Mobile","UNITTYPE_Land","UNITTYPE_Basic","UNITTYPE_FactoryBuild"],"transportable":{"size":1},"guard_radius":110,"guard_layer":"WL_LandHorizontal","navigation":{"type":"land-small","acceleration":200,"brake":200,"move_speed":20,"turn_speed":720},"physics":{"radius":2.25,"push_class":2,"allow_pushing":true},"recon":{"observer":{"items":[{"layer":"surface_and_air","channel":"sight","shape":"capsule","radius":100}]}},"model":{"filename":"/pa/units/land/bot_bomb/bot_bomb.papa","animations":{"death01":"/pa/units/land/bot_bomb/bot_bomb_anim_death01.papa","walk":"/pa/units/land/bot_bomb/bot_bomb_anim_run.papa"},"animtree":"/pa/anim/anim_trees/bot_bomb.json","walk_speed":20,"arrows":5},"tools":[{"spec_id":"/pa/units/land/bot_bomb/bot_bomb_tool_weapon.json","aim_bone":"bone_root","muzzle_bone":"bone_root"}],"events":{"build_complete":{"audio_cue":"/SE/Build_Complete/bot"},"died":{"audio_cue":"/SE/Death/Bot","effect_scale":0.8}},"audio":{"loops":{"move":{"cue":"/SE/Movement/bot/T2_bot_bomb_loop","flag":"vel_changed","should_start_func":"is_moving","should_stop_func":"is_not_moving"}}},"TEMP_texelinfo":6.38702}