{
  "ammo_id": [ 
    {
      "id": "/pa/units/land/bot_arty/bot_arty_ammo.json",
      "layer": "WL_AnyLand"
    }
  ],
  "arc_type": "ARC_Low",
  "auto_attack": true,
  "base_spec": "/pa/tools/base_artillery_turret_unit/base_artillery_turret_unit.json",
  "idle_aim_delay": 5,
  "max_range": 115,
  "pitch_range": 50,
  "pitch_rate": 55,
  "rate_of_fire": 0.2,
  "target_layers": [
    "WL_LandHorizontal",
    "WL_Seafloor",
    "WL_WaterSurface"
  ],
  "yaw_range": 180,
  "yaw_rate": 55
}