{
  "TEMP_texelinfo": 77.8386,
  "atrophy_cool_down": 30.0,
  "atrophy_rate": 100.0,
  "audio": {
    "loops": {
      "enabled": {
        "cue": "/SE/Celestial/Planet_Engines_Loop",
        "flag": "enable_changed",
        "should_start_func": "is_enabled",
        "should_stop_func": "is_disabled"
      }
    }
  },
  "base_spec": "/pa/units/land/base_structure/base_structure.json",
  "build_metal_cost": 48000,
  "description": "Halley: Analysis: Delta V Engine: Used to move small to medium celestial bodies.",
  "display_group": 70,
  "display_index": 20,
  "display_name": "Halley",
  "fx_offsets": [
    {
      "filename": "/pa/units/orbital/delta_v_engine/delta_v_jet.pfx",
      "offset": [
        0,
        0,
        21
      ],
      "orientation": [
        0,
        0,
        0
      ],
      "type": "enabled"
    }
  ],
  "headlights": [
    {
      "color": [
        1.0,
        1.0,
        1.0
      ],
      "far_distance": 30.0,
      "gobo": "/pa/effects/textures/gobo/spotlight_gobo.papa",
      "intensity": 3.0,
      "near_distance": 2.5,
      "near_height": 5.5,
      "near_width": 5.5,
      "offset": [
        20.4,
        20.4,
        15.6
      ],
      "orientation": [
        25.0,
        -23.0,
        0.0
      ]
    },
    {
      "color": [
        1.0,
        1.0,
        1.0
      ],
      "far_distance": 30.0,
      "gobo": "/pa/effects/textures/gobo/spotlight_gobo.papa",
      "intensity": 3.0,
      "near_distance": 2.5,
      "near_height": 5.5,
      "near_width": 5.5,
      "offset": [
        20.4,
        -20.4,
        15.6
      ],
      "orientation": [
        25.0,
        23.0,
        0.0
      ]
    },
    {
      "color": [
        1.0,
        1.0,
        1.0
      ],
      "far_distance": 30.0,
      "gobo": "/pa/effects/textures/gobo/spotlight_gobo.papa",
      "intensity": 3.0,
      "near_distance": 2.5,
      "near_height": 5.5,
      "near_width": 5.5,
      "offset": [
        -20.4,
        20.4,
        15.6
      ],
      "orientation": [
        -25.0,
        -23.0,
        0.0
      ]
    },
    {
      "color": [
        1.0,
        1.0,
        1.0
      ],
      "far_distance": 30.0,
      "gobo": "/pa/effects/textures/gobo/spotlight_gobo.papa",
      "intensity": 3.0,
      "near_distance": 2.5,
      "near_height": 5.5,
      "near_width": 5.5,
      "offset": [
        -20.4,
        -20.4,
        15.6
      ],
      "orientation": [
        -25.0,
        23.0,
        0.0
      ]
    }
  ],
  "lamps": [
    {
      "color": [
        1.0,
        0.0,
        0.0
      ],
      "intensity": 2.0,
      "offset": [
        -21.39,
        9.9,
        11.25
      ],
      "radius": 4.0
    },
    {
      "color": [
        1.0,
        0.0,
        0.0
      ],
      "intensity": 2.0,
      "offset": [
        -21.39,
        -9.9,
        11.25
      ],
      "radius": 4.0
    },
    {
      "color": [
        1.0,
        0.0,
        0.0
      ],
      "intensity": 2.0,
      "offset": [
        25.44,
        0.0,
        12.4
      ],
      "radius": 4.0
    },
    {
      "color": [
        1.0,
        1.0,
        1.0
      ],
      "intensity": 2.0,
      "offset": [
        -23.8,
        0.0,
        14.7
      ],
      "radius": 3.0
    },
    {
      "color": [
        1.0,
        1.0,
        1.0
      ],
      "intensity": 2.0,
      "offset": [
        20.4,
        20.4,
        15.6
      ],
      "radius": 3.0
    },
    {
      "color": [
        1.0,
        1.0,
        1.0
      ],
      "intensity": 2.0,
      "offset": [
        20.4,
        -20.4,
        15.6
      ],
      "radius": 3.0
    },
    {
      "color": [
        1.0,
        1.0,
        1.0
      ],
      "intensity": 2.0,
      "offset": [
        -20.4,
        20.4,
        15.6
      ],
      "radius": 3.0
    },
    {
      "color": [
        1.0,
        1.0,
        1.0
      ],
      "intensity": 2.0,
      "offset": [
        -20.4,
        -20.4,
        15.6
      ],
      "radius": 3.0
    },
    {
      "bone": "bone_cross01",
      "color": [
        1.0,
        1.0,
        1.0
      ],
      "intensity": 2.0,
      "offset": [
        14.38,
        0.0,
        2.0
      ],
      "radius": 3.0
    },
    {
      "bone": "bone_cross02",
      "color": [
        1.0,
        1.0,
        1.0
      ],
      "intensity": 2.0,
      "offset": [
        14.38,
        0.0,
        2.0
      ],
      "radius": 3.0
    },
    {
      "bone": "bone_cross03",
      "color": [
        1.0,
        1.0,
        1.0
      ],
      "intensity": 2.0,
      "offset": [
        14.38,
        0.0,
        2.0
      ],
      "radius": 3.0
    },
    {
      "bone": "bone_cross04",
      "color": [
        1.0,
        1.0,
        1.0
      ],
      "intensity": 2.0,
      "offset": [
        14.38,
        0.0,
        2.0
      ],
      "radius": 3.0
    }
  ],
  "max_health": 12250,
  "mesh_bounds": [
    50.0454,
    50.0306,
    45.4724
  ],
  "model": {
    "animations": {
      "end": "/pa/units/orbital/delta_v_engine/delta_v_engine_anim_end.papa",
      "loop": "/pa/units/orbital/delta_v_engine/delta_v_engine_anim_loop.papa",
      "start": "/pa/units/orbital/delta_v_engine/delta_v_engine_anim_start.papa"
    },
    "animtree": "/pa/anim/anim_trees/constant_idle_transition_anim_tree.json",
    "filename": "/pa/units/orbital/delta_v_engine/delta_v_engine.papa"
  },
  "orbital_thruster": {
    "power": 1
  },
  "physics": {
    "collision_layers": "WL_AnyHorizontalGroundOrWaterSurface"
  },
  "recon": {
    "observer": {
      "items": [
        {
          "channel": "sight",
          "layer": "surface_and_air",
          "radius": 110,
          "shape": "capsule"
        }
      ]
    }
  },
  "spawn_layers": "WL_AnyHorizontalGroundOrWaterSurface",
  "unit_types": [
    "UNITTYPE_Orbital",
    "UNITTYPE_Factory",
    "UNITTYPE_Construction",
    "UNITTYPE_Structure",
    "UNITTYPE_Land",
    "UNITTYPE_Advanced",
    "UNITTYPE_FabAdvBuild"
  ]
}
