{
  "TEMP_texelinfo": 6.38702,
  "attachable": {
    "offsets": {
      "head": [
        0,
        0,
        1.8
      ],
      "root": [
        0,
        0,
        0
      ]
    }
  },
  "audio": {
    "loops": {
      "move": {
        "cue": "/SE/Movement/bot/T2_fab_loop",
        "flag": "vel_changed",
        "should_start_func": "is_moving",
        "should_stop_func": "is_not_moving"
      }
    }
  },
  "base_spec": "/pa/units/land/base_bot/base_bot.json",
  "build_metal_cost": 150,
  "death_weapon": {
    "air_ammo_spec": "/pa/units/land/bot_bomb/bot_bomb_ammo.json",
    "air_height_threshold": 7,
    "ground_ammo_spec": "/pa/units/land/bot_bomb/bot_bomb_ammo.json"
  },
  "description": "Detonator: Analysis: Self Destruction Bot. Very effective vs structures. Moderately effective vs units.",
  "display_group": 40,
  "display_index": 60,
  "display_name": "Detonator",
  "events": {
    "build_complete": {
      "audio_cue": "/SE/Build_Complete/bot"
    },
    "died": {
      "audio_cue": "/SE/Death/Bot_bomb",
      "effect_spec": "/pa/units/land/bot_bomb/bot_bomb_ammo_explosion.pfx"
    }
  },
  "guard_layer": "WL_LandHorizontal",
  "guard_radius": 110,
  "max_health": 60,
  "model": {
    "animations": {
      "death01": "/pa/units/land/bot_bomb/bot_bomb_anim_death01.papa",
      "walk": "/pa/units/land/bot_bomb/bot_bomb_anim_run.papa"
    },
    "animtree": "/pa/anim/anim_trees/bot_bomb_anim_tree.json",
    "arrows": 5,
    "filename": "/pa/units/land/bot_bomb/bot_bomb.papa",
    "walk_speed": 20
  },
  "navigation": {
    "acceleration": 200,
    "brake": 200,
    "move_speed": 25,
    "turn_speed": 720,
    "type": "land-small"
  },
  "physics": {
    "allow_pushing": true,
    "push_class": 2,
    "radius": 2.25
  },
  "recon": {
    "observer": {
      "items": [
        {
          "channel": "sight",
          "layer": "surface_and_air",
          "radius": 100,
          "shape": "capsule"
        }
      ]
    }
  },
  "spawn_layers": "WL_LandHorizontal",
  "tools": [
    {
      "aim_bone": "bone_root",
      "muzzle_bone": "bone_root",
      "spec_id": "/pa/units/land/bot_bomb/bot_bomb_tool_weapon.json"
    },
    {
      "death_weapon": true,
      "spec_id": "/pa/units/land/bot_bomb/bot_bomb_tool_deathweapon.json"
    }
  ],
  "transportable": {
    "size": 1
  },
  "unit_types": [
    "UNITTYPE_Bot",
    "UNITTYPE_Mobile",
    "UNITTYPE_Land",
    "UNITTYPE_Basic",
    "UNITTYPE_FactoryBuild"
  ],
  "wreckage_health_frac": 0
}