{
  "TEMP_texelinfo": 22.1895,
  "audio": {
    "loops": {
      "move": {
        "cue": "/SE/Movement/sea/destroyer_loop",
        "flag": "vel_changed",
        "should_start_func": "is_moving",
        "should_stop_func": "is_not_moving"
      }
    }
  },
  "base_spec": "/pa/units/sea/base_ship/base_ship.json",
  "build_metal_cost": 450,
  "description": "Destroyer Class: Anti-land and anti-ship guns",
  "display_group": 60,
  "display_index": 80,
  "display_name": "Orca",
  "events": {
    "build_complete": {
      "audio_cue": "/SE/Build_Complete/sea"
    },
    "died": {
      "audio_cue": "/SE/Death/Sea_large"
    },
    "firing": {
      "audio_cue": "/SE/Weapons/sea/destroyer_fire"
    }
  },
  "guard_layer": "WL_AnySurface",
  "guard_radius": 240,
  "max_health": 1500,
  "mesh_bounds": [
    5,
    40,
    5
  ],
  "model": {
    "animtree": "/pa/anim/anim_trees/destroyer.json",
    "arrows": 5,
    "filename": "/pa/units/sea/destroyer/destroyer.papa"
  },
  "navigation": {
    "acceleration": 3,
    "brake": 3,
    "move_speed": 6,
    "turn_speed": 15,
    "type": "water"
  },
  "nearby_target_tick_update_interval": 15,
  "physics": {
    "push_class": 2,
    "radius": 10,
    "shape": "box"
  },
  "recon": {
    "observer": {
      "items": [
        {
          "channel": "sight",
          "layer": "surface_and_air",
          "radius": 150,
          "shape": "capsule"
        }
      ]
    }
  },
  "spawn_layers": "WL_WaterSurface",
  "tools": [
    {
      "aim_bone": "bone_pitch01",
      "muzzle_bone": "socket_rightMuzzle01",
      "spec_id": "/pa/units/sea/destroyer/destroyer_tool_weapon.json"
    },
    {
      "aim_bone": "bone_pitch01",
      "muzzle_bone": "socket_leftMuzzle01",
      "spec_id": "/pa/units/sea/destroyer/destroyer_tool_weapon.json"
    },
    {
      "aim_bone": "bone_pitch02",
      "muzzle_bone": "socket_rightMuzzle02",
      "spec_id": "/pa/units/sea/destroyer/destroyer_tool_weapon.json"
    },
    {
      "aim_bone": "bone_pitch02",
      "muzzle_bone": "socket_leftMuzzle02",
      "spec_id": "/pa/units/sea/destroyer/destroyer_tool_weapon.json"
    },
    {
      "aim_bone": "bone_root",
      "muzzle_bone": "bone_root",
      "spec_id": "/pa/units/sea/destroyer/destroyer_tool_torpedo.json"
    }
  ],
  "unit_types": [
    "UNITTYPE_Naval",
    "UNITTYPE_Mobile",
    "UNITTYPE_Basic",
    "UNITTYPE_FactoryBuild"
  ]
}