{"base_spec":"/pa/units/sea/base_ship/base_ship.json","display_name":"Leviathan","description":"Battleship Class: Long range, anti-ship, and anti-land guns","display_group":20,"display_index":100,"max_health":3375,"build_metal_cost":8640,"spawn_layers":"WL_WaterSurface","mesh_bounds":[12,90,12],"unit_types":["UNITTYPE_Naval","UNITTYPE_Mobile","UNITTYPE_Advanced","UNITTYPE_FactoryBuild"],"guard_radius":270,"guard_layer":"WL_LandHorizontal","navigation":{"type":"water","acceleration":1,"brake":1,"move_speed":5,"turn_speed":15},"physics":{"radius":12,"shape":"box","push_class":2},"recon":{"observer":{"items":[{"layer":"surface_and_air","channel":"sight","shape":"capsule","radius":200}]}},"model":{"filename":"/pa/units/sea/battleship/battleship.papa","animtree":"/pa/anim/anim_trees/battleship.json","arrows":5},"nearby_target_tick_update_interval":15,"tools":[{"spec_id":"/pa/units/sea/battleship/battleship_tool_weapon.json","aim_bone":"bone_pitch01","muzzle_bone":["socket_muzzle01"]},{"spec_id":"/pa/units/sea/battleship/battleship_tool_weapon.json","aim_bone":"bone_pitch01","muzzle_bone":["socket_muzzle02"]},{"spec_id":"/pa/units/sea/battleship/battleship_tool_weapon.json","aim_bone":"bone_pitch01","muzzle_bone":["socket_muzzle03"]},{"spec_id":"/pa/units/sea/battleship/battleship_tool_weapon.json","aim_bone":"bone_pitch02","muzzle_bone":["socket_muzzle04"]},{"spec_id":"/pa/units/sea/battleship/battleship_tool_weapon.json","aim_bone":"bone_pitch02","muzzle_bone":["socket_muzzle05"]},{"spec_id":"/pa/units/sea/battleship/battleship_tool_weapon.json","aim_bone":"bone_pitch02","muzzle_bone":["socket_muzzle06"]},{"spec_id":"/pa/units/sea/battleship/battleship_tool_weapon.json","aim_bone":"bone_pitch03","muzzle_bone":["socket_muzzle07"]},{"spec_id":"/pa/units/sea/battleship/battleship_tool_weapon.json","aim_bone":"bone_pitch03","muzzle_bone":["socket_muzzle08"]},{"spec_id":"/pa/units/sea/battleship/battleship_tool_weapon.json","aim_bone":"bone_pitch03","muzzle_bone":["socket_muzzle09"]},{"spec_id":"/pa/units/sea/battleship/battleship_tool_weapon.json","aim_bone":"bone_pitch04","muzzle_bone":["socket_muzzle10"]},{"spec_id":"/pa/units/sea/battleship/battleship_tool_weapon.json","aim_bone":"bone_pitch04","muzzle_bone":["socket_muzzle11"]},{"spec_id":"/pa/units/sea/battleship/battleship_tool_weapon.json","aim_bone":"bone_pitch04","muzzle_bone":["socket_muzzle12"]}],"events":{"build_complete":{"audio_cue":"/SE/Build_Complete/sea"},"firing":{"audio_cue":"/SE/Weapons/sea/T2_battleship_fire"},"died":{"audio_cue":"/SE/Death/Sea_large"}},"audio":{"loops":{"move":{"cue":"/SE/Movement/sea/T2_battleship_loop","flag":"vel_changed","should_start_func":"is_moving","should_stop_func":"is_not_moving"}}},"TEMP_texelinfo":47.2606}