{
    "enabled": true,
    "context": "server",
    "identifier": "com.squishypon3.balancedannihilation",
    "display_name": "Statera",
    "description": "A balance mod with the goal of increasing unitdiversity and making T2 units comparable to T1 in power.",
    "author": "SquishyPon3, TheTrophySystem, Stuart98, ZX0",
    "version": "1.261",
    "icon": "http://i.imgur.com/bzz5HyF.jpg?2",
    "priority": 100,
    "signature": "(not yet implemented)",
    "category": [
        "Units",
        "Balance"
    ],
    "date": "2014/11/29",
    "build": "75539"
}