{
  "TEMP_texelinfo": 24.4307,
  "area_build_type": "Sphere",
  "atrophy_cool_down": 30.0,
  "atrophy_rate": 100.0,
  "base_spec": "/pa/units/land/base_structure/base_structure.json",
  "build_metal_cost": 1000,
  "consumption": {
    "energy": 0
  },
  "description": "Armored Metal Extractor: Analysis: Metal: Produces metal inefficiently, can only be placed on metal deposits; Stacks with Metal Extractor. Heavy armor.",
  "display_group": 80,
  "display_index": 85,
  "display_name": "Armored Metal Extractor",
  "events": {
    "build_complete": {
      "audio_cue": "/SE/Build_Complete/metal"
    },
    "died": {
      "audio_cue": "/SE/Death/Factory",
      "effect_scale": 0.7
    }
  },
  "feature_requirements": [
    "metal_spot"
  ],
  "lamps": [
    {
      "color": [
        1.0,
        0.0,
        0.0
      ],
      "intensity": 1.0,
      "offset": [
        0.0,
        -2.273,
        8.746
      ],
      "radius": 5.0
    }
  ],
  "max_health": 10000,
  "mesh_bounds": [
    16.8812,
    13.3685,
    25.4932
  ],
  "model": [
    {
      "animations": {
        "idle": "/pa/units/land/metal_extractor_adv/metal_extractor_adv_anim_work.papa"
      },
      "animtree": "/pa/anim/anim_trees/constant_idle_anim_tree.json",
      "arrows": 10,
      "filename": "/pa/units/land/metal_extractor_adv/metal_extractor_adv.papa",
      "layer": "WL_LandHorizontal"
    },
    {
      "animations": {
        "idle": "/pa/units/sea/sea_metal_extractor_adv/sea_metal_extractor_adv_anim_work.papa"
      },
      "animtree": "/pa/anim/anim_trees/constant_idle_anim_tree.json",
      "arrows": 10,
      "filename": "/pa/units/sea/sea_metal_extractor_adv/sea_metal_extractor_adv.papa",
      "layer": "WL_WaterSurface"
    }
  ],
  "placement_size": [
    20,
    16
  ],
  "production": {
    "metal": 5
  },
  "recon": {
    "observer": {
      "items": [
        {
          "channel": "sight",
          "layer": "surface_and_air",
          "radius": 100,
          "shape": "capsule"
        }
      ]
    }
  },
  "replaceable_units": [
    "/pa/units/land/metal_extractor/metal_extractor.json"
  ],
  "spawn_layers": "WL_AnyHorizontalGroundOrWaterSurface",
  "storage": {
    "metal": 1000
  },
  "strategic_icon_priority": 5,
  "unit_types": [
    "UNITTYPE_Structure",
    "UNITTYPE_Advanced",
    "UNITTYPE_MetalProduction",
    "UNITTYPE_CombatFabBuild",
    "UNITTYPE_FabAdvBuild",
    "UNITTYPE_Economy"
  ]
}