{
  "TEMP_texelinfo": 26.6522,
  "atrophy_cool_down": 30.0,
  "atrophy_rate": 30.0,
  "base_spec": "/pa/units/land/base_structure/base_structure.json",
  "build_metal_cost": 10000,
  "command_caps": [
    "ORDER_Attack"
  ],
  "description": "Advanced Artillery: long range, very inaccurate, anti-land and anti-ship cannon",
  "display_group": 50,
  "display_index": 55,
  "display_name": "Lobber",
  "events": {
    "build_complete": {
      "audio_cue": "/SE/Build_Complete/structure_small"
    },
    "died": {
      "audio_cue": "/SE/Death/structure_small",
      "effect_scale": 0.75
    },
    "fired": {
      "audio_cue": "/SE/Weapons/structure/artillery_long_fire",
      "effect_spec": "/pa/effects/specs/tank_muzzle_flash.pfx socket_muzzle /pa/effects/specs/artillery_muzzle_ground.pfx"
    }
  },
  "guard_layer": "WL_AnySurface",
  "guard_radius": 610,
  "lamps": [
    {
      "bone": "bone_pitch",
      "color": [
        1.0,
        1.0,
        1.0
      ],
      "intensity": 2.0,
      "offset": [
        0.0,
        -11.21,
        3.69
      ],
      "radius": 4.0
    }
  ],
  "max_health": 15000,
  "mesh_bounds": [
    20,
    35.4209,
    17.0376
  ],
  "model": [
    {
      "animations": {
        "aim_up": "/pa/units/land/artillery_long/artillery_long_anim_aimUp.papa"
      },
      "animtree": "/pa/anim/anim_trees/artillery_building_long_anim_tree.json",
      "filename": "/pa/units/land/artillery_long/artillery_long.papa",
      "layer": "WL_LandHorizontal",
      "skirt_decal": "/pa/effects/specs/skirt_artillery_long.json"
    },
    {
      "animations": {
        "aim_up": "/pa/units/land/artillery_long/artillery_long_anim_aimUp.papa"
      },
      "animtree": "/pa/anim/anim_trees/artillery_building_long_anim_tree.json",
      "filename": "/pa/units/sea/artillery_long/artillery_long.papa",
      "layer": "WL_WaterSurface"
    }
  ],
  "nearby_target_tick_update_interval": 30,
  "recon": {
    "observer": {
      "items": [
        {
          "channel": "sight",
          "layer": "surface_and_air",
          "radius": 100,
          "shape": "capsule"
        }
      ]
    }
  },
  "spawn_layers": "WL_AnyHorizontalGroundOrWaterSurface",
  "tools": [
    {
      "aim_bone": "socket_aim",
      "muzzle_bone": "socket_muzzle",
      "spec_id": "/pa/units/land/artillery_long/artillery_long_tool_weapon.json"
    }
  ],
  "unit_types": [
    "UNITTYPE_Land",
    "UNITTYPE_Structure",
    "UNITTYPE_Defense",
    "UNITTYPE_Artillery",
    "UNITTYPE_Advanced",
    "UNITTYPE_FabAdvBuild"
  ]
}
