{
  "TEMP_texelinfo": 7.11877,
  "attachable": {
    "offsets": {
      "head": [
        0,
        0,
        4
      ],
      "root": [
        0,
        0,
        0
      ]
    }
  },
  "audio": {
    "loops": {
      "build": {
        "cue": "/SE/Construction/Fab_contruction_beam_loop",
        "flag": "build_target_changed",
        "should_start_func": "has_build_target",
        "should_stop_func": "no_build_target"
      },
      "move": {
        "cue": "/SE/Movement/air/fab_air_loop",
        "flag": "vel_changed",
        "should_start_func": "is_moving",
        "should_stop_func": "is_not_moving"
      }
    }
  },
  "base_spec": "/pa/units/air/base_flyer/base_flyer.json",
  "build_metal_cost": 140,
  "buildable_types": "Land & Structure & Basic | Factory & Basic | Factory & Advanced & Air | FabBuild",
  "command_caps": [
    "ORDER_Move",
    "ORDER_Patrol",
    "ORDER_Build",
    "ORDER_Reclaim",
    "ORDER_Repair",
    "ORDER_Assist",
    "ORDER_Use"
  ],
  "description": "Fabrication Aircraft: Analysis: Fabrication: Very weak nanolathe. Very fast speed.",
  "display_group": 100,
  "display_index": 80,
  "display_name": "Fabrication Aircraft",
  "events": {
    "build_complete": {
      "audio_cue": "/SE/Build_Complete/fab"
    },
    "died": {
      "audio_cue": "/SE/Death/Air"
    }
  },
  "fx_offsets": [
    {
      "bone": "bone_pitch",
      "filename": "/pa/effects/specs/fab_spray.pfx",
      "offset": [
        0,
        -3.269,
        -0.801
      ],
      "orientation": [
        0,
        0,
        0
      ],
      "type": "build"
    },
    {
      "bone": "bone_leftWing",
      "filename": "/pa/units/air/fabrication_aircraft/fabrication_aircraft_jets.pfx",
      "offset": [
        1.637,
        0.01,
        -0.822
      ],
      "orientation": [
        0,
        90,
        0
      ],
      "type": "moving"
    },
    {
      "bone": "bone_rightWing",
      "filename": "/pa/units/air/fabrication_aircraft/fabrication_aircraft_jets.pfx",
      "offset": [
        -1.638,
        0.01,
        -0.822
      ],
      "orientation": [
        0,
        90,
        0
      ],
      "type": "moving"
    }
  ],
  "guard_layer": "WL_LandHorizontal",
  "guard_radius": 60,
  "max_health": 50,
  "mesh_bounds": [
    8.9127,
    5.58409,
    3.74006
  ],
  "model": {
    "animations": {
      "fly": "/pa/units/air/fabrication_aircraft/fabrication_aircraft_anim_fly.papa"
    },
    "animtree": "/pa/anim/anim_trees/fabrication_aircraft_anim_tree.json",
    "filename": "/pa/units/air/fabrication_aircraft/fabrication_aircraft.papa"
  },
  "navigation": {
    "acceleration": 35,
    "aggressive_behavior": "circle",
    "brake": 35,
    "circle_max_time": 3,
    "circle_min_time": 1,
    "move_speed": 35,
    "turn_speed": 180,
    "type": "air"
  },
  "physics": {
    "gravity_scalar": 1,
    "radius": 4
  },
  "recon": {
    "observer": {
      "items": [
        {
          "channel": "sight",
          "layer": "surface_and_air",
          "radius": 100,
          "shape": "capsule"
        }
      ]
    }
  },
  "tools": [
    {
      "aim_bone": "bone_pitch",
      "spec_id": "/pa/units/air/fabrication_aircraft/fabrication_aircraft_build_arm.json"
    }
  ],
  "transportable": {
    "size": 1
  },
  "unit_types": [
    "UNITTYPE_Air",
    "UNITTYPE_Fabber",
    "UNITTYPE_Construction",
    "UNITTYPE_Mobile",
    "UNITTYPE_Basic",
    "UNITTYPE_FactoryBuild"
  ]
}
