{
  "base_spec": "/pa/ammo/base_ammo/base_ammo.json",
  "damage": 2500,
  "events": {
    "died": {
      "audio_cue": "/SE/Impacts/cannon_uber",
      "effect_spec": "/pa/effects/specs/uber_proj_explosion.pfx"
    }
  },
  "flight_type": "Direct",
  "full_damage_splash_radius": 2,
  "fx_trail": {
    "filename": "/pa/units/orbital/orbital_laser/orbital_laser_proj_trail.pfx"
  },
  "initial_velocity": 1000.0,
  "lifetime": 3,
  "max_velocity": 1000.0,
  "model": {
    "filename": ""
  },
  "physics": {
    "add_to_spatial_db": false,
    "gravity_scalar": 1,
    "ignore_gravity": true,
    "push_class": 1,
    "radius": 1
  },
  "spawn_layers": "orbital",
  "splash_damage": 2500,
  "splash_radius": 20
}