{
  "TEMP_texelinfo": 4.24257,
  "audio": {
    "loops": {
      "move": {
        "cue": "/SE/Movement/sea/sea_scout_ship_loop",
        "flag": "vel_changed",
        "should_start_func": "is_moving",
        "should_stop_func": "is_not_moving"
      }
    }
  },
  "base_spec": "/pa/units/sea/base_ship/base_ship.json",
  "build_metal_cost": 225,
  "description": "Scout Class: Light anti-everything missile, fast speed",
  "display_group": 80,
  "display_index": 80,
  "display_name": "Sun Fish",
  "events": {
    "build_complete": {
      "audio_cue": "/SE/Build_Complete/sea"
    },
    "died": {
      "audio_cue": "/SE/Death/Sea"
    },
    "firing": {
      "audio_cue": "/SE/Weapons/sea/sea_scout_fire"
    }
  },
  "max_health": 400,
  "model": {
    "animations": {
      "idle": "/pa/units/sea/sea_scout/sea_scout_anim_idle.papa"
    },
    "animtree": "/pa/anim/anim_trees/constant_idle.json",
    "arrows": 5,
    "filename": "/pa/units/sea/sea_scout/sea_scout.papa"
  },
  "navigation": {
    "acceleration": 8,
    "brake": 10,
    "move_speed": 16,
    "turn_speed": 60,
    "type": "water"
  },
  "physics": {
    "push_class": 2,
    "radius": 6
  },
  "recon": {
    "observer": {
      "items": [
        {
          "channel": "sight",
          "layer": "surface_and_air",
          "radius": 250,
          "shape": "capsule"
        }
      ]
    }
  },
  "spawn_layers": "WL_WaterSurface",
  "tools": [
    {
      "aim_bone": "bone_root",
      "muzzle_bone": "bone_root",
      "spec_id": "/pa/units/sea/sea_scout/sea_scout_tool_weapon.json"
    }
  ],
  "unit_types": [
    "UNITTYPE_Naval",
    "UNITTYPE_Scout",
    "UNITTYPE_Mobile",
    "UNITTYPE_Basic",
    "UNITTYPE_FactoryBuild"
  ]
}