{
  "TEMP_texelinfo": 8.37977,
  "audio": {
    "loops": {
      "move": {
        "cue": "/SE/Movement/sea/attack_sub_loop",
        "flag": "vel_changed",
        "should_start_func": "is_moving",
        "should_stop_func": "is_not_moving"
      }
    }
  },
  "base_spec": "/pa/units/sea/base_ship/base_ship.json",
  "build_metal_cost": 220,
  "description": "Seabass: Analysis: Torpedo Boat: Anti-naval torpedos, fast..",
  "display_group": 40,
  "display_index": 60,
  "display_name": "Seabass",
  "events": {
    "build_complete": {
      "audio_cue": "/SE/Build_Complete/sea"
    },
    "died": {
      "audio_cue": "/SE/Death/Sea_sub"
    },
    "fired": {
      "audio_cue": "/SE/Weapons/sea/attack_sub_fire"
    }
  },
  "guard_layer": "WL_WaterSurface",
  "guard_radius": 160,
  "max_health": 400,
  "model": {
    "arrows": 5,
    "filename": "/pa/units/sea/attack_sub/attack_sub.papa"
  },
  "navigation": {
    "acceleration": 5,
    "brake": 12,
    "move_speed": 25,
    "turn_speed": 60,
    "type": "deepwater"
  },
  "physics": {
    "push_class": 2,
    "radius": 6
  },
  "recon": {
    "observer": {
      "items": [
        {
          "channel": "sight",
          "layer": "surface_and_air",
          "radius": 150,
          "shape": "capsule"
        }
      ]
    }
  },
  "spawn_layers": "WL_WaterSurface",
  "tools": [
    {
      "aim_bone": "bone_root",
      "muzzle_bone": "bone_root",
      "spec_id": "/pa/units/sea/attack_boat/attack_sub_tool_weapon.json"
    }
  ],
  "transportable": {
    "size": 1
  },
  "unit_types": [
    "UNITTYPE_Naval",
    "UNITTYPE_Mobile",
    "UNITTYPE_Basic",
    "UNITTYPE_FactoryBuild",
    "UNITTYPE_Scout"
  ],
  "wreckage_health_frac": 0.0
}