{
  "TEMP_texelinfo": 10.3794,
  "attachable": {
    "offsets": {
      "head": [
        0,
        0,
        3.4
      ],
      "root": [
        0,
        0,
        0
      ]
    }
  },
  "audio": {
    "loops": {
      "move": {
        "cue": "/SE/Movement/veh/tank_heavy_mortar_loop",
        "flag": "vel_changed",
        "should_start_func": "is_moving",
        "should_stop_func": "is_not_moving"
      }
    }
  },
  "base_spec": "/pa/units/land/base_vehicle/base_vehicle.json",
  "build_metal_cost": 650,
  "description": "Leveler: Analysis: Cruiser: Anti-land and anti-ship cannons. Slow aim speed. Medium speed.",
  "display_group": 40,
  "display_index": 100,
  "display_name": "Leveler",
  "events": {
    "build_complete": {
      "audio_cue": "/SE/Build_Complete/veh"
    },
    "died": {
      "audio_cue": "/SE/Death/Veh",
      "effect_scale": 1.6
    },
    "fired": {
      "audio_cue": "/SE/Weapons/veh/tank_heavy_mortar_fire",
      "effect_spec": "/pa/effects/specs/tank_muzzle_flash.pfx socket_leftMuzzle /pa/effects/specs/tank_muzzle_flash.pfx socket_rightMuzzle"
    }
  },
  "guard_layer": "WL_LandHorizontal",
  "guard_radius": 125,
  "max_health": 900,
  "model": {
    "animtree": "/pa/anim/anim_trees/tank_laser_adv_anim_tree.json",
    "arrows": 5,
    "filename": "/pa/units/land/tank_laser_adv/tank_laser_adv.papa"
  },
  "navigation": {
    "acceleration": 100,
    "brake": 100,
    "move_speed": 10,
    "turn_speed": 90,
    "type": "land-small"
  },
  "physics": {
    "push_class": 70,
    "radius": 5
  },
  "recon": {
    "observer": {
      "items": [
        {
          "channel": "sight",
          "layer": "surface_and_air",
          "radius": 100,
          "shape": "capsule"
        }
      ]
    }
  },
  "tools": [
    {
      "aim_bone": "socket_aim",
      "muzzle_bone": "socket_leftMuzzle",
      "spec_id": "/pa/units/land/tank_laser_adv/tank_laser_adv_tool_weapon.json"
    },
    {
      "aim_bone": "socket_aim",
      "muzzle_bone": "socket_rightMuzzle",
      "spec_id": "/pa/units/land/tank_laser_adv/tank_laser_adv_tool_weapon.json"
    }
  ],
  "transportable": {
    "size": 1
  },
  "unit_types": [
    "UNITTYPE_Tank",
    "UNITTYPE_Mobile",
    "UNITTYPE_Land",
    "UNITTYPE_Advanced",
    "UNITTYPE_FactoryBuild"
  ],
  "wreckage_health_frac": 1.0
}
