{"base_spec":"/pa/units/sea/base_ship/base_ship.json","display_name":"Fabrication Sub","description":"Fabricator: Builds naval structures","display_group":100,"display_index":20,"build_metal_cost":450,"max_health":150,"buildable_types":"Naval & Structure & Basic | Naval & Factory & Advanced","spawn_layers":"WL_WaterSurface","unit_types":["UNITTYPE_Fabber","UNITTYPE_Naval","UNITTYPE_Mobile","UNITTYPE_Basic"],"command_caps":["ORDER_Move","ORDER_Patrol","ORDER_Build","ORDER_Reclaim","ORDER_Repair","ORDER_Assist"],"navigation":{"type":"water","acceleration":50,"brake":50,"move_speed":10,"turn_speed":90,"dodge_radius":15,"dodge_multiplier":1.0,"wobble_factor":0.1,"wobble_speed":0.2},"physics":{"radius":6,"push_class":2,"allow_pushing":true},"recon":{"observer":{"items":[{"layer":"surface_and_air","channel":"sight","shape":"capsule","radius":100}]}},"model":{"filename":"/pa/units/sea/fabrication_sub/fabrication_sub.papa","animtree":"/pa/anim/anim_trees/fabrication_turret.json"},"tools":[{"spec_id":"/pa/units/sea/fabrication_sub/fabrication_sub_build_arm.json","aim_bone":"bone_root"}],"events":{"build_complete":{"audio_cue":"/SE/Build_Complete/fab"},"died":{"audio_cue":"/SE/Death/Sea"}},"audio":{"loops":{"build":{"cue":"/SE/Construction/Fab_contruction_beam_loop","flag":"build_target_changed","should_start_func":"has_build_target","should_stop_func":"no_build_target"},"move":{"cue":"/SE/Movement/sea/Fab_sub_loop","flag":"vel_changed","should_start_func":"is_moving","should_stop_func":"is_not_moving"}}},"fx_offsets":[{"type":"build","filename":"/pa/effects/specs/fab_spray.pfx","bone":"socket_muzzle","offset":[0,0,0],"orientation":[0,0,0]}],"TEMP_texelinfo":6.95074}