{
  "TEMP_texelinfo": 16.9774,
  "atrophy_cool_down": 30.0,
  "atrophy_rate": 20.0,
  "base_spec": "/pa/units/land/base_structure/base_structure.json",
  "build_metal_cost": 1200,
  "consumption": {
    "energy": 8000
  },
  "description": "Advanced Radar: Inefficiently detects nearby enemy land, sea, and air units in a large radius.",
  "display_group": 50,
  "display_index": 100,
  "display_name": "Advanced Radar",
  "energy_efficiency_requirement": 0.9,
  "events": {
    "build_complete": {
      "audio_cue": "/SE/Build_Complete/radar"
    },
    "died": {
      "audio_cue": "/SE/Death/radar",
      "effect_scale": 0.5
    }
  },
  "lamps": [
    {
      "bone": "bone_elbow",
      "color": [
        1.0,
        1.0,
        1.0
      ],
      "intensity": 2.0,
      "offset": [
        0.0,
        1.24,
        0.05
      ],
      "radius": 3.0
    }
  ],
  "max_health": 3000,
  "model": [
    {
      "animations": {
        "end": "/pa/units/land/radar_adv/radar_adv_anim_end.papa",
        "loop": "/pa/units/land/radar_adv/radar_adv_anim_loop.papa",
        "start": "/pa/units/land/radar_adv/radar_adv_anim_start.papa"
      },
      "animtree": "/pa/anim/anim_trees/powered_loop.json",
      "filename": "/pa/units/land/radar_adv/radar_adv.papa",
      "layer": "WL_LandHorizontal",
      "skirt_decal": "/pa/effects/specs/skirt_radar_adv.json"
    },
    {
      "animations": {
        "end": "/pa/units/land/radar_adv/radar_adv_anim_end.papa",
        "loop": "/pa/units/land/radar_adv/radar_adv_anim_loop.papa",
        "start": "/pa/units/land/radar_adv/radar_adv_anim_start.papa"
      },
      "animtree": "/pa/anim/anim_trees/powered_loop.json",
      "filename": "/pa/units/sea/radar_adv/radar_adv.papa",
      "layer": "WL_WaterSurface"
    }
  ],
  "physics": {
    "collision_layers": "WL_AnySurface"
  },
  "recon": {
    "observer": {
      "items": [
        {
          "channel": "sight",
          "layer": "surface_and_air",
          "radius": 300,
          "shape": "capsule",
          "uses_energy": true
        },
        {
          "channel": "radar",
          "layer": "surface_and_air",
          "radius": 800,
          "shape": "capsule",
          "uses_energy": true
        },
        {
          "channel": "radar",
          "layer": "orbital",
          "radius": 800,
          "shape": "capsule",
          "uses_energy": true
        },
        {
          "channel": "sight",
          "layer": "orbital",
          "radius": 300,
          "shape": "capsule",
          "uses_energy": true
        }
      ]
    }
  },
  "spawn_layers": "WL_AnySurface",
  "unit_types": [
    "UNITTYPE_Land",
    "UNITTYPE_Structure",
    "UNITTYPE_Advanced",
    "UNITTYPE_Recon",
    "UNITTYPE_FabAdvBuild"
  ]
}
