{
  "ammo_capacity": 400000,
  "ammo_demand": 20000,
  "ammo_id": "/pa/units/land/artillery_long/artillery_long_ammo.json",
  "ammo_per_shot": 400000,
  "ammo_source": "energy",
  "arc_type": "ARC_High",
  "auto_attack": true,
  "base_spec": "/pa/tools/base_artillery_turret/base_artillery_turret.json",
  "firing_standard_deviation": 3,
  "max_firing_velocity": 2400,
  "max_range": 1200,
  "min_firing_velocity": 200,
  "pitch_range": 89,
  "pitch_rate": 10,
  "rate_of_fire": 0.2,
  "target_layers": [
    "WL_LandHorizontal",
    "WL_Seafloor",
    "WL_WaterSurface"
  ],
  "yaw_range": 360,
  "yaw_rate": 10
}