{
  "ammo_capacity": 1000,
  "ammo_demand": 4000,
  "ammo_id": "/pa/units/orbital/ion_defense/ion_defense_ammo_nuke.json",
  "ammo_per_shot": 250,
  "ammo_source": "energy",
  "anti_entity_targets": [
    "/pa/units/land/nuke_launcher/nuke_launcher_ammo.json"
  ],
  "auto_attack": true,
  "base_spec": "/pa/tools/base_laser_turret/base_laser_turret.json",
  "max_range": 200,
  "pitch_range": 180,
  "pitch_rate": 180,
  "rate_of_fire": 2.0,
  "target_layers": [
    "WL_Orbital",
    "WL_Air"
  ],
  "target_priorities": [
    "Orbital"
  ],
  "yaw_range": 180,
  "yaw_rate": 180
}
