{
  "ammo_capacity": 1000,
  "ammo_demand": 4000,
  "ammo_id": "/pa/units/orbital/ion_defense/ion_defense_ammo_nuke.json",
  "ammo_per_shot": 250,
  "ammo_source": "energy",
  "anti_entity_targets": [
    "/pa/units/land/nuke_launcher/nuke_launcher_ammo.json"
  ],
  "auto_attack": true,
  "auto_task_type": "anti_entity",
  "base_spec": "/pa/tools/base_shell_turret/base_shell_turret.json",
  "idle_aim_delay": 0.1,
  "manual_fire": true,
  "max_range": 140,
  "pitch_range": 89,
  "pitch_rate": 3600,
  "rate_of_fire": 0.25,
  "spread_fire": true,
  "target_layers": [
    "WL_Air"
  ],
  "yaw_range": 180,
  "yaw_rate": 3600
}