{"base_spec":"/pa/units/sea/base_ship/base_ship.json","display_name":"Narwhal","description":"Frigate Class: Anti-air missiles, anti-ship guns","display_group":60,"display_index":100,"max_health":560,"build_metal_cost":360,"spawn_layers":"WL_WaterSurface","mesh_bounds":[5,20,5],"unit_types":["UNITTYPE_Naval","UNITTYPE_Mobile","UNITTYPE_Basic","UNITTYPE_AirDefense","UNITTYPE_FactoryBuild"],"guard_radius":220,"guard_layer":"WL_AnySurface","navigation":{"type":"water","acceleration":3,"brake":3,"move_speed":7,"turn_speed":20},"physics":{"radius":10,"push_class":2},"recon":{"observer":{"items":[{"layer":"surface_and_air","channel":"sight","shape":"capsule","radius":150}]}},"model":{"filename":"/pa/units/sea/frigate/frigate.papa","animtree":"/pa/anim/anim_trees/frigate.json","arrows":5},"nearby_target_tick_update_interval":3,"tools":[{"spec_id":"/pa/units/sea/frigate/frigate_tool_weapon_shell.json","aim_bone":"bone_pitch01","muzzle_bone":["socket_muzzle01"]},{"spec_id":"/pa/units/sea/frigate/frigate_tool_weapon_aa.json","aim_bone":"bone_pitch02","muzzle_bone":["socket_rightMuzzle02","socket_leftMuzzle02"]},{"spec_id":"/pa/units/sea/destroyer/destroyer_tool_torpedo.json","aim_bone":"bone_root","muzzle_bone":"bone_root"}],"events":{"build_complete":{"audio_cue":"/SE/Build_Complete/sea"},"firing":{"audio_cue":"/SE/Weapons/sea/frigate_fire_1"},"died":{"audio_cue":"/SE/Death/Sea_large"}},"audio":{"loops":{"move":{"cue":"/SE/Movement/sea/frigate_loop","flag":"vel_changed","should_start_func":"is_moving","should_stop_func":"is_not_moving"}}},"TEMP_texelinfo":19.1546}