{
  "ammo_capacity": 1000,
  "ammo_demand": 200,
  "ammo_id": "/pa/units/land/artillery_short/artillery_short_ammo.json",
  "ammo_per_shot": 1000,
  "ammo_source": "energy",
  "auto_attack": true,
  "base_spec": "/pa/tools/base_artillery_turret/base_artillery_turret.json",
  "firing_arc_pitch": 5,
  "firing_arc_yaw": 5,
  "firing_standard_deviation": 0.25,
  "max_range": 280,
  "physics": {
    "add_to_spatial_db": false,
    "gravity_scalar": 2,
    "push_class": 1,
    "radius": 1
  },
  "pitch_range": 89.9,
  "pitch_rate": 15,
  "rate_of_fire": 0.2,
  "target_layers": [
    "WL_LandHorizontal",
    "WL_Seafloor",
    "WL_WaterSurface"
  ],
  "yaw_range": 180,
  "yaw_rate": 15
}