{
  "TEMP_texelinfo": 26.4194,
  "area_build_separation": 75,
  "area_build_type": "Sphere",
  "attachable": {
    "offsets": {
      "root": [
        0,
        0,
        0
      ]
    }
  },
  "base_spec": "/pa/units/land/base_structure/base_structure.json",
  "build_metal_cost": 1200,
  "command_caps": [
    "ORDER_Attack",
    "ORDER_Assist"
  ],
  "description": "Orbital Defense Platform: Stationary anti-orbital and anti-air defense.",
  "display_name": "Anchor",
  "events": {
    "build_complete": {
      "audio_cue": "/SE/Build_Complete/orbital"
    },
    "died": {
      "audio_cue": "/SE/Death/orbital",
      "effect_spec": "/pa/effects/specs/default_explosion.pfx"
    },
    "fired": {
      "audio_cue": "/SE/Weapons/orb/defense_satellite_fire"
    }
  },
  "gravwell_velocity_multiplier": 6.0,
  "guard_layer": "WL_Orbital",
  "guard_radius": 280,
  "max_health": 4000,
  "mesh_bounds": [
    25,
    25,
    15
  ],
  "model": {
    "animtree": "/pa/anim/anim_trees/defense_satellite_anim_tree.json",
    "filename": "/pa/units/orbital/defense_satellite/defense_satellite.papa"
  },
  "navigation": {
    "acceleration": 0,
    "bank_factor": 0,
    "brake": 0,
    "hover_time": -1.0,
    "move_speed": 0,
    "turn_speed": 0,
    "type": "orbital"
  },
  "physics": {
    "collision_layers": "WL_Orbital",
    "gravity_scalar": 0.001,
    "push_class": 50,
    "radius": 15
  },
  "placement_size": [
    30,
    30
  ],
  "recon": {
    "observer": {
      "items": [
        {
          "channel": "sight",
          "layer": "orbital",
          "radius": 280,
          "shape": "sphere"
        }
      ]
    }
  },
  "spawn_layers": "WL_Orbital",
  "system_velocity_multiplier": 6.0,
  "tools": [
    {
      "aim_bone": "bone_turret01",
      "muzzle_bone": "bone_turret01",
      "spec_id": "/pa/units/orbital/defense_satellite/defense_satellite_tool_weapon.json"
    },
    {
      "aim_bone": "bone_turret02",
      "muzzle_bone": "bone_turret02",
      "spec_id": "/pa/units/orbital/defense_satellite/defense_satellite_tool_weapon.json"
    },
    {
      "aim_bone": "bone_turret03",
      "muzzle_bone": "bone_turret03",
      "spec_id": "/pa/units/orbital/defense_satellite/defense_satellite_tool_weapon.json"
    },
    {
      "aim_bone": "bone_turret04",
      "muzzle_bone": "bone_turret04",
      "spec_id": "/pa/units/orbital/defense_satellite/defense_satellite_tool_weapon.json"
    }
  ],
  "unit_types": [
    "UNITTYPE_Structure",
    "UNITTYPE_Orbital",
    "UNITTYPE_Defense",
    "UNITTYPE_OrbitalDefense",
    "UNITTYPE_Advanced",
    "UNITTYPE_FabOrbBuild"
  ],
  "wreckage_health_frac": 0.0
}
