{
  "TEMP_texelinfo": 17.7177,
  "attachable": {
    "offsets": {
      "root": [
        0,
        0,
        0
      ]
    }
  },
  "base_spec": "/pa/units/orbital/base_orbital/base_orbital.json",
  "build_metal_cost": 800,
  "command_caps": [
    "ORDER_Move",
    "ORDER_Patrol",
    "ORDER_Attack",
    "ORDER_Assist"
  ],
  "description": "Orbital fighter- Fast moving orbital fighter for offense and defense.",
  "display_name": "Avenger",
  "events": {
    "build_complete": {
      "audio_cue": "/SE/Build_Complete/orbital"
    },
    "died": {
      "audio_cue": "/SE/Death/orbital"
    },
    "fired": {
      "audio_cue": "/SE/Weapons/orb/orb_fighter_fire",
      "effect_spec": "/pa/effects/specs/default_muzzle_flash.pfx socket_muzzle"
    }
  },
  "fx_offsets": [
    {
      "bone": "bone_body",
      "filename": "/pa/units/air/gunship/gunship_jets.pfx",
      "offset": [
        0,
        8.9,
        0
      ],
      "orientation": [
        0,
        0,
        0
      ],
      "type": "moving"
    }
  ],
  "gravwell_velocity_multiplier": 6.0,
  "guard_layer": "WL_Orbital",
  "guard_radius": 200,
  "max_health": 150,
  "mesh_bounds": [
    20,
    16,
    5.3
  ],
  "model": {
    "animations": {
      "closed": "/pa/units/orbital/orbital_fighter/orbital_fighter_anim_closed.papa",
      "deploy": "/pa/units/orbital/orbital_fighter/orbital_fighter_anim_deploy.papa"
    },
    "animtree": "/pa/anim/anim_trees/orbital_fighter_anim_tree.json",
    "filename": "/pa/units/orbital/orbital_fighter/orbital_fighter.papa"
  },
  "navigation": {
    "acceleration": 90,
    "aggressive_behavior": "line",
    "aggressive_distance": 140.0,
    "bank_factor": 10,
    "brake": 90,
    "move_speed": 100,
    "turn_speed": 200,
    "type": "orbital",
    "wobble_factor": 0.05,
    "wobble_speed": 0.1
  },
  "physics": {
    "gravity_scalar": 0.001,
    "push_class": 15,
    "radius": 3
  },
  "recon": {
    "observer": {
      "items": [
        {
          "channel": "sight",
          "layer": "orbital",
          "radius": 250,
          "shape": "sphere"
        }
      ]
    }
  },
  "spawn_layers": "WL_Orbital",
  "tools": [
    {
      "aim_bone": "bone_body",
      "muzzle_bone": "bone_recoil01",
      "spec_id": "/pa/units/orbital/orbital_fighter/orbital_fighter_tool_weapon.json"
    }
  ],
  "unit_types": [
    "UNITTYPE_Mobile",
    "UNITTYPE_Offense",
    "UNITTYPE_Orbital",
    "UNITTYPE_Fighter",
    "UNITTYPE_Basic",
    "UNITTYPE_FactoryBuild"
  ],
  "wreckage_health_frac": 0.0
}