{"base_spec":"/pa/units/commanders/imperial_base/imperial_base.json","display_name":"Delta Commander","description":"Imperial Delta Commander.","attachable":{"offsets":{"root":[0,0,0],"head":[0,0,12.2]}},"model":{"filename":"/pa/units/commanders/imperial_delta/imperial_delta.papa"},"headlights":[{"gobo":"/pa/effects/textures/gobo/spotlight_gobo.papa","offset":[0.0,-1.7,1.9],"orientation":[0.0,45.0,0.0],"near_width":5.0,"near_height":5.0,"near_distance":3.0,"far_distance":30.0,"color":[1.0,1.0,1.0],"intensity":6.0,"bone":"bone_spine","shadow_resolution":128}],"lamps":[{"offset":[0.0,-1.7,1.9],"radius":2.0,"color":[1.0,1.0,1.0],"intensity":5.0,"bone":"bone_spine"},{"offset":[0.07,-3.85,0.2],"radius":4.0,"color":[0.4,1.0,0.01],"intensity":2.0,"bone":"bone_leftElbow"},{"offset":[-1.754,0.022,1.272],"radius":4.0,"color":[1.0,0.0,0.0],"intensity":1.0,"bone":"bone_rightPad"},{"offset":[1.753,0.022,1.272],"radius":4.0,"color":[1.0,0.0,0.0],"intensity":1.0,"bone":"bone_leftPad"}]}