{"base_spec":"/pa/units/land/base_bot/base_bot.json","display_name":"Advanced Fabrication Bot","description":"Advanced Fabrication: Builds structures","display_group":100,"display_index":100,"max_health":150,"spawn_layers":"WL_LandHorizontal","build_metal_cost":3200,"attachable":{"offsets":{"root":[0,0,0],"head":[0,0.25,4.5]}},"buildable_types":"Land & Structure & Advanced - Factory| Factory & Advanced & Bot & Land | FabAdvBuild | FabBuild","unit_types":["UNITTYPE_Fabber","UNITTYPE_Construction","UNITTYPE_Bot","UNITTYPE_Mobile","UNITTYPE_Land","UNITTYPE_Advanced","UNITTYPE_FactoryBuild"],"command_caps":["ORDER_Move","ORDER_Patrol","ORDER_Build","ORDER_Reclaim","ORDER_Repair","ORDER_Assist","ORDER_Use"],"transportable":{"size":1},"guard_radius":60,"guard_layer":"WL_LandHorizontal","navigation":{"type":"land-small","acceleration":120,"brake":120,"move_speed":12,"turn_speed":720,"group_preference":"back"},"physics":{"radius":4,"push_class":100,"allow_pushing":true},"recon":{"observer":{"items":[{"layer":"surface_and_air","channel":"sight","shape":"capsule","radius":100}]}},"model":{"filename":"/pa/units/land/fabrication_bot_adv/fabrication_bot_adv.papa","animations":{"death01":"/pa/units/land/fabrication_bot_adv/fabrication_bot_adv_anim_death01.papa","walk":"/pa/units/land/fabrication_bot_adv/fabrication_bot_adv_anim_run.papa","aim_up":"/pa/units/land/fabrication_bot_adv/fabrication_bot_adv_anim_aimUp.papa","aim_down":"/pa/units/land/fabrication_bot_adv/fabrication_bot_adv_anim_aimDown.papa"},"animtree":"/pa/anim/anim_trees/fabrication_bipedal_mech.json","walk_speed":4.9},"tools":[{"spec_id":"/pa/units/land/fabrication_bot_adv/fabrication_bot_adv_build_arm.json","aim_bone":"bone_root"}],"events":{"build_complete":{"audio_cue":"/SE/Build_Complete/fab"},"died":{"audio_cue":"/SE/Death/Bot","effect_scale":0.8}},"audio":{"loops":{"build":{"cue":"/SE/Construction/Fab_contruction_beam_loop","flag":"build_target_changed","should_start_func":"has_build_target","should_stop_func":"no_build_target"},"move":{"cue":"/SE/Movement/bot/T2_fab_loop","flag":"vel_changed","should_start_func":"is_moving","should_stop_func":"is_not_moving"}}},"fx_offsets":[{"type":"build","filename":"/pa/effects/specs/fab_spray.pfx","bone":"socket_rightMuzzle","offset":[0,0,0],"orientation":[0,0,0]},{"type":"build","filename":"/pa/effects/specs/fab_spray.pfx","bone":"socket_leftMuzzle","offset":[0,0,0],"orientation":[0,0,0]}],"TEMP_texelinfo":6.38702}