{
  "TEMP_texelinfo": 69.307,
  "area_build_separation": 7,
  "atrophy_cool_down": 30.0,
  "atrophy_rate": 100.0,
  "audio": {
    "loops": {
      "build": {
        "cue": "/SE/Construction/Factory_contruction_loop_naval",
        "flag": "build_target_changed",
        "should_start_func": "has_build_target",
        "should_stop_func": "no_build_target"
      }
    }
  },
  "base_spec": "/pa/units/land/base_structure/base_structure.json",
  "build_metal_cost": 2300,
  "buildable_types": "Naval & Mobile & FactoryBuild & Advanced",
  "command_caps": [
    "ORDER_Move",
    "ORDER_Patrol",
    "ORDER_FactoryBuild",
    "ORDER_Reclaim",
    "ORDER_Repair",
    "ORDER_Attack",
    "ORDER_Assist",
    "ORDER_Use"
  ],
  "description": "Specialist Naval Factory: Analysis: Factory: Builds specialized naval units",
  "display_group": 75,
  "display_index": 45,
  "display_name": "Specialist Naval Factory",
  "events": {
    "build_complete": {
      "audio_cue": "/SE/Build_Complete/sea"
    },
    "died": {
      "audio_cue": "/SE/Death/Sea_large"
    }
  },
  "factory_cooldown_time": 20,
  "fx_offsets": [
    {
      "bone": "socket_muzzle01",
      "filename": "/pa/effects/specs/fab_spray.pfx",
      "offset": [
        0,
        0,
        0
      ],
      "orientation": [
        0,
        0,
        0
      ],
      "type": "build"
    },
    {
      "bone": "socket_muzzle02",
      "filename": "/pa/effects/specs/fab_spray.pfx",
      "offset": [
        0,
        0,
        0
      ],
      "orientation": [
        0,
        0,
        0
      ],
      "type": "build"
    },
    {
      "bone": "socket_muzzle03",
      "filename": "/pa/effects/specs/fab_spray.pfx",
      "offset": [
        0,
        0,
        0
      ],
      "orientation": [
        0,
        0,
        0
      ],
      "type": "build"
    },
    {
      "bone": "socket_muzzle04",
      "filename": "/pa/effects/specs/fab_spray.pfx",
      "offset": [
        0,
        0,
        0
      ],
      "orientation": [
        0,
        0,
        0
      ],
      "type": "build"
    }
  ],
  "max_health": 8000,
  "mesh_bounds": [
    25,
    50,
    15
  ],
  "model": {
    "animations": {
      "build_end": "/pa/units/sea/naval_factory_adv/naval_factory_adv_anim_end.papa",
      "build_loop": "/pa/units/sea/naval_factory_adv/naval_factory_adv_anim_build.papa",
      "build_start": "/pa/units/sea/naval_factory_adv/naval_factory_adv_anim_start.papa"
    },
    "animtree": "/pa/anim/anim_trees/factory_anim_tree.json",
    "filename": "/pa/units/sea/naval_factory_adv/naval_factory_adv.papa"
  },
  "placement_size": [
    25,
    70
  ],
  "recon": {
    "observer": {
      "items": [
        {
          "channel": "sight",
          "layer": "surface_and_air",
          "radius": 100,
          "shape": "capsule"
        }
      ]
    }
  },
  "rolloff_dirs": [
    [
      0,
      1,
      0
    ],
    [
      0,
      -1,
      0
    ]
  ],
  "spawn_layers": "WL_WaterSurface",
  "tools": [
    {
      "aim_bone": "bone_root",
      "spec_id": "/pa/units/sea/naval_factory_adv/naval_factory_adv_build_arm.json"
    }
  ],
  "unit_types": [
    "UNITTYPE_Factory",
    "UNITTYPE_Construction",
    "UNITTYPE_Naval",
    "UNITTYPE_Structure",
    "UNITTYPE_Advanced"
  ],
  "wait_to_rolloff_time": 0
}