{"base_spec":"/pa/units/sea/base_ship/base_ship.json","display_name":"Sun Fish","description":"Scout Class: Light weaponry, fast speed","display_group":80,"display_index":80,"max_health":100,"build_metal_cost":225,"spawn_layers":"WL_WaterSurface","unit_types":["UNITTYPE_Naval","UNITTYPE_Scout","UNITTYPE_Mobile","UNITTYPE_Basic","UNITTYPE_FactoryBuild"],"navigation":{"type":"water","acceleration":4,"brake":10,"move_speed":15,"turn_speed":60},"physics":{"radius":6,"push_class":2},"recon":{"observer":{"items":[{"layer":"surface_and_air","channel":"sight","shape":"capsule","radius":250}]}},"model":{"filename":"/pa/units/sea/sea_scout/sea_scout.papa","animations":{"idle":"/pa/units/sea/sea_scout/sea_scout_anim_idle.papa"},"animtree":"/pa/anim/anim_trees/constant_idle.json","arrows":5},"tools":[{"spec_id":"/pa/units/sea/sea_scout/sea_scout_tool_weapon.json","aim_bone":"bone_root","muzzle_bone":"bone_root"}],"events":{"build_complete":{"audio_cue":"/SE/Build_Complete/sea"},"firing":{"audio_cue":"/SE/Weapons/sea/sea_scout_fire"},"died":{"audio_cue":"/SE/Death/Sea"}},"audio":{"loops":{"move":{"cue":"/SE/Movement/sea/sea_scout_ship_loop","flag":"vel_changed","should_start_func":"is_moving","should_stop_func":"is_not_moving"}}},"TEMP_texelinfo":4.24257}