{
  "atrophy_cool_down": 30.0,
  "atrophy_rate": 20.0,
  "base_spec": "/pa/units/land/base_structure/base_structure.json",
  "build_metal_cost": 5000,
  "buildable_types": "Mobile & Land & FactoryBuild",
  "command_caps": [
    "ORDER_Move",
    "ORDER_Patrol",
    "ORDER_FactoryBuild",
    "ORDER_Reclaim",
    "ORDER_Repair",
    "ORDER_Attack",
    "ORDER_Assist"
    ],
  "description": "Unit Cannon: Long range unit dispersal",
  "display_group": 70,
  "display_index": 10,
  "display_name": "Unit Cannon",
  "events": {
    "build_complete": {
      "audio_cue": "/SE/Build_Complete/factory"
    },
    "died": {
      "audio_cue": "/SE/Death/Factory"
    },
    "firing": {
      "audio_cue": "/SE/Weapons/structure/unit_cannon_fire"
    }
  },
  "factory": {
    "deploy_projectile": "/pa/units/air/missile_orbital/missile_orbital.json",
    "spawn_points": [
      "bone_root"
    ]
  },
  "max_health": 20000,
  "model": {
    "filename": "/pa/units/land/unit_cannon/unit_cannon.papa"
  },
  "tools": [
    {
      "aim_bone": "bone_root",
      "spec_id": "/pa/units/land/unit_cannon/unit_cannon_build_arm.json"
    }
  ],
  "unit_types": [
    "UNITTYPE_Structure",
    "UNITTYPE_Advanced",
    "UNITTYPE_Factory",
    "UNITTYPE_Construction",
    "UNITTYPE_Land"
  ],
  "wait_to_rolloff_time": 0
}