{
  "TEMP_texelinfo": 28.8281,
  "audio": {
    "loops": {
      "move": {
        "cue": "/SE/Movement/sea/T2_missile_ship_loop",
        "flag": "vel_changed",
        "should_start_func": "is_moving",
        "should_stop_func": "is_not_moving"
      }
    }
  },
  "base_spec": "/pa/units/sea/base_ship/base_ship.json",
  "build_metal_cost": 1200,
  "buildable_types": "(Air & Mobile) & FactoryBuild",
  "can_only_assist_with_buildable_items": true,
  "command_caps": [
    "ORDER_Move",
    "ORDER_Patrol",
    "ORDER_Build",
    "ORDER_Reclaim",
    "ORDER_Repair",
    "ORDER_Assist",
    "ORDER_Use"
  ],
  "description": "Proteus: Analysis: Aircraft Carrier: Mobile aircraft construction and fleet repair.",
  "display_group": 20,
  "display_index": 80,
  "display_name": "Proteus",
  "events": {
    "build_complete": {
      "audio_cue": "/SE/Build_Complete/sea"
    },
    "died": {
      "audio_cue": "/SE/Death/Sea"
    },
    "fired": {
      "audio_cue": "/SE/Weapons/sea/T2_missile_ship_fire"
    }
  },
  "fx_offsets": [
    {
      "bone": "socket_missile_muzzle01",
      "filename": "/pa/effects/specs/fab_combat_spray.pfx",
      "offset": [
        0,
        0,
        0
      ],
      "orientation": [
        0,
        0,
        0
      ],
      "type": "build"
    },
    {
      "bone": "socket_missile_muzzle02",
      "filename": "/pa/effects/specs/fab_combat_spray.pfx",
      "offset": [
        0,
        0,
        0
      ],
      "orientation": [
        0,
        0,
        0
      ],
      "type": "build"
    },
    {
      "bone": "socket_missile_muzzle03",
      "filename": "/pa/effects/specs/fab_combat_spray.pfx",
      "offset": [
        0,
        0,
        0
      ],
      "orientation": [
        0,
        0,
        0
      ],
      "type": "build"
    },
    {
      "bone": "socket_missile_muzzle04",
      "filename": "/pa/effects/specs/fab_combat_spray.pfx",
      "offset": [
        0,
        0,
        0
      ],
      "orientation": [
        0,
        0,
        0
      ],
      "type": "build"
    }
  ],
  "guard_layer": "WL_AnySurface",
  "guard_radius": 420,
  "max_health": 3000,
  "mesh_bounds": [
    10,
    50,
    10
  ],
  "model": {
    "animations": {
      "build_end": "/pa/units/sea/missile_ship/missile_ship_anim_end.papa",
      "idle": "/pa/units/sea/missile_ship/missile_ship_anim_idle.papa",
      "build_loop": "/pa/units/sea/missile_ship/missile_ship_anim_idle.papa",
      "build_start": "/pa/units/sea/missile_ship/missile_ship_anim_start.papa"
    },
    "animtree": "/pa/anim/anim_trees/missile_ship_anim_tree.json",
    "filename": "/pa/units/sea/missile_ship/missile_ship.papa"
  },
  "navigation": {
    "acceleration": 2,
    "brake": 2,
    "move_speed": 18,
    "turn_speed": 15,
    "type": "deepwater"
  },
  "nearby_target_tick_update_interval": 20,
  "physics": {
    "push_class": 2,
    "radius": 12
  },
  "recon": {
    "observer": {
      "items": [
        {
          "channel": "sight",
          "layer": "surface_and_air",
          "radius": 180,
          "shape": "capsule"
        }
      ]
    }
  },
  "spawn_layers": "WL_WaterSurface",
  "tools": [
    {
      "aim_bone": "bone_root",
      "spec_id": "/pa/units/sea/missile_ship/missile_ship_build_arm.json"
    }
  ],
  "unit_types": [
    "UNITTYPE_Construction",
    "UNITTYPE_Naval",
    "UNITTYPE_Mobile",
    "UNITTYPE_Advanced",
    "UNITTYPE_FactoryBuild"
  ],
  "wreckage_health_frac": 0
}