{"base_spec":"/pa/units/orbital/base_orbital/base_orbital.json","display_name":"Solar Array","description":"Solar Array: Orbital energy generation.","max_health":2500,"build_metal_cost":3000,"spawn_layers":"WL_Orbital","attachable":{"offsets":{"root":[0,0,0]}},"production":{"energy":4000},"unit_types":["UNITTYPE_Mobile","UNITTYPE_Orbital","UNITTYPE_EnergyProduction","UNITTYPE_Economy","UNITTYPE_Advanced","UNITTYPE_FactoryBuild"],"command_caps":["ORDER_Move","ORDER_Patrol","ORDER_Assist"],"navigation":{"type":"orbital","acceleration":10,"brake":10,"move_speed":10,"turn_speed":45,"hover_time":-1.0},"physics":{"radius":8,"push_class":25,"gravity_scalar":0.001},"recon":{"observer":{"items":[{"layer":"orbital","channel":"sight","shape":"sphere","radius":100}]}},"model":{"filename":"/pa/units/orbital/solar_array/solar_array.papa","animations":{"open":"/pa/units/orbital/solar_array/solar_array_anim_open.papa","closed":"/pa/units/orbital/solar_array/solar_array_anim_closed.papa","deploy":"/pa/units/orbital/solar_array/solar_array_anim_deploy.papa"},"animtree":"/pa/anim/anim_trees/satellite_launched.json"},"events":{"build_complete":{"audio_cue":"/SE/Build_Complete/orbital"},"firing":{"audio_cue":"/SE/Weapons/air/bomber_fire"},"died":{"audio_cue":"/SE/Death/orbital","effect_spec":"/pa/effects/specs/default_explosion.pfx"}},"mesh_bounds":[45,15,15],"TEMP_texelinfo":25.0}