{
  "TEMP_texelinfo": 7.96209,
  "audio": {
    "loops": {
      "move": {
        "cue": "/SE/Movement/air/air_fighter_loop",
        "flag": "vel_changed",
        "should_start_func": "is_moving",
        "should_stop_func": "is_not_moving"
      }
    }
  },
  "base_spec": "/pa/units/air/base_flyer/base_flyer.json",
  "build_metal_cost": 1440,
  "description": "Advanced Fighter: Anti-air missiles",
  "display_group": 60,
  "display_index": 100,
  "display_name": "Peregrine",
  "events": {
    "build_complete": {
      "audio_cue": "/SE/Build_Complete/air"
    },
    "died": {
      "audio_cue": "/SE/Death/Air",
      "effect_spec": "/pa/effects/specs/default_explosion.pfx"
    },
    "firing": {
      "audio_cue": "/SE/Weapons/air/fighter_fire"
    }
  },
  "fx_offsets": [
    {
      "filename": "/pa/units/air/fighter_adv/fighter_adv_jets.pfx",
      "offset": [
        0,
        4.35,
        0.836
      ],
      "type": "moving_forward"
    }
  ],
  "guard_layer": "WL_Air",
  "guard_radius": 200,
  "max_health": 700,
  "model": {
    "animations": {
      "landed": "/pa/units/air/fighter_adv/fighter_adv_anim_landed.papa"
    },
    "animtree": "/pa/anim/anim_trees/fighter_adv.json",
    "filename": "/pa/units/air/fighter_adv/fighter_adv.papa"
  },
  "navigation": {
    "acceleration": 75,
    "aggressive_distance": 50.0,
    "bank_factor": 10,
    "brake": 75,
    "move_speed": 75,
    "turn_speed": 180,
    "type": "air"
  },
  "physics": {
    "gravity_scalar": 1,
    "push_class": 2,
    "radius": 6
  },
  "recon": {
    "observer": {
      "items": [
        {
          "channel": "sight",
          "layer": "surface_and_air",
          "radius": 150,
          "shape": "capsule"
        }
      ]
    }
  },
  "tools": [
    {
      "aim_bone": "bone_root",
      "muzzle_bone": [
        "bone_leftWing",
        "bone_rightWing"
      ],
      "spec_id": "/pa/units/air/fighter_adv/fighter_adv_tool_weapon.json"
    }
  ],
  "unit_types": [
    "UNITTYPE_Fighter",
    "UNITTYPE_Air",
    "UNITTYPE_Mobile",
    "UNITTYPE_Advanced",
    "UNITTYPE_FactoryBuild"
  ]
}