{"base_spec":"/pa/units/air/base_flyer/base_flyer.json","display_name":"Peregrine","description":"Advanced Fighter: Anti-air missiles","build_metal_cost":1440,"max_health":350,"display_group":60,"display_index":100,"unit_types":["UNITTYPE_Fighter","UNITTYPE_Air","UNITTYPE_Mobile","UNITTYPE_Advanced","UNITTYPE_FactoryBuild"],"guard_radius":200,"guard_layer":"WL_Air","navigation":{"type":"air","acceleration":75,"brake":75,"move_speed":75,"turn_speed":180,"aggressive_distance":50.0,"bank_factor":10},"physics":{"radius":6,"gravity_scalar":1,"push_class":2},"recon":{"observer":{"items":[{"layer":"surface_and_air","channel":"sight","shape":"capsule","radius":150}]}},"model":{"filename":"/pa/units/air/fighter_adv/fighter_adv.papa","animations":{"landed":"/pa/units/air/fighter_adv/fighter_adv_anim_landed.papa"},"animtree":"/pa/anim/anim_trees/fighter_adv.json"},"tools":[{"spec_id":"/pa/units/air/fighter_adv/fighter_adv_tool_weapon.json","aim_bone":"bone_root","muzzle_bone":["bone_leftWing","bone_rightWing"]}],"events":{"build_complete":{"audio_cue":"/SE/Build_Complete/air"},"firing":{"audio_cue":"/SE/Weapons/air/fighter_fire"},"died":{"audio_cue":"/SE/Death/Air","effect_spec":"/pa/effects/specs/default_explosion.pfx"}},"fx_offsets":[{"type":"moving_forward","filename":"/pa/units/air/fighter_adv/fighter_adv_jets.pfx","offset":[0,4.35,0.836]}],"audio":{"loops":{"move":{"cue":"/SE/Movement/air/air_fighter_loop","flag":"vel_changed","should_start_func":"is_moving","should_stop_func":"is_not_moving"}}},"TEMP_texelinfo":7.96209}