{
  "audio_loop": "/SE/Movement/missile/tactical_missile_fly_loop",
  "base_spec": "/pa/ammo/base_missiles/base_missile_tactical.json",
  "cruise_height": 20,
  "damage": 600,
  "events": {
    "died": {
      "audio_cue": "/SE/Impacts/missile_tactical",
      "effect_spec": "/pa/effects/specs/default_proj_area_explosion.pfx"
    }
  },
  "flight_type": "Staged",
  "fx_trail": {
    "filename": "/pa/units/air/missile_tactical/missile_tactical_trail.pfx",
    "offset": [
      0.0,
      4.6,
      0.0
    ]
  },
  "initial_velocity": 80.0,
  "lifetime": 15,
  "max_health": 1,
  "max_velocity": 80.0,
  "model": {
    "filename": "/pa/units/air/missile_tactical/missile_tactical.papa"
  },
  "physics": {
    "add_to_spatial_db": true,
    "gravity_scalar": 5,
    "ignore_gravity": true,
    "radius": 1
  },
  "splash_damage": 80,
  "splash_radius": 10,
  "stages": [
    {
      "ignores_LOS": true,
      "ignores_gravity": true,
      "rotates_to_velocity": true,
      "stage_change_range": 50,
      "stage_duration": 0,
      "stage_turn_rate": 35
    },
    {
      "ignores_LOS": false,
      "ignores_gravity": false,
      "rotates_to_velocity": true,
      "stage_duration": 5000,
      "stage_turn_rate": 405
    }
  ],
  "turn_rate": 45
}