{
  "TEMP_texelinfo": 5.11028,
  "attachable": {
    "offsets": {
      "head": [
        0,
        0,
        5.4
      ],
      "root": [
        0,
        0,
        0
      ]
    }
  },
  "audio": {
    "loops": {
      "build": {
        "cue": "/SE/Construction/Fab_contruction_beam_loop",
        "flag": "build_target_changed",
        "should_start_func": "has_build_target",
        "should_stop_func": "no_build_target"
      },
      "move": {
        "cue": "/SE/Movement/bot/fab_loop",
        "flag": "vel_changed",
        "should_start_func": "is_moving",
        "should_stop_func": "is_not_moving"
      }
    }
  },
  "base_spec": "/pa/units/land/base_bot/base_bot.json",
  "build_metal_cost": 300,
  "buildable_types": "CombatFabBuild",
  "can_only_assist_with_buildable_items": true,
  "command_caps": [
    "ORDER_Move",
    "ORDER_Patrol",
    "ORDER_Build",
    "ORDER_Reclaim",
    "ORDER_Repair",
    "ORDER_Assist",
    "ORDER_Use"
  ],
  "description": "BEEF: Analysis: Fabrication: Bot of Economic Exploitment Fabrication. Amphibious. Can only build economic structures.",
  "display_group": 100,
  "display_index": 80,
  "display_name": "BEEF",
  "events": {
    "build_complete": {
      "audio_cue": "/SE/Build_Complete/fab"
    },
    "died": {
      "audio_cue": "/SE/Death/Bot",
      "effect_scale": 0.6
    }
  },
  "fx_offsets": [
    {
      "bone": "socket_muzzle",
      "filename": "/pa/effects/specs/fab_combat_spray.pfx",
      "offset": [
        0,
        0,
        0
      ],
      "orientation": [
        0,
        0,
        0
      ],
      "type": "build"
    }
  ],
  "guard_layer": "WL_LandHorizontal",
  "guard_radius": 50,
  "max_health": 300,
  "model": {
    "animations": {
      "death01": "/pa/units/land/fabrication_bot_combat/fabrication_bot_combat_anim_death01.papa",
      "idle": "/pa/units/land/fabrication_bot_combat/fabrication_bot_combat_anim_idle.papa",
      "walk": "/pa/units/land/fabrication_bot_combat/fabrication_bot_combat_anim_run.papa"
    },
    "animtree": "/pa/anim/anim_trees/fabrication_bot_combat_anim_tree.json",
    "filename": "/pa/units/land/fabrication_bot_combat/fabrication_bot_combat.papa",
    "walk_speed": 12
  },
  "navigation": {
    "acceleration": 120,
    "brake": 120,
    "group_preference": "back",
    "move_speed": 12,
    "turn_speed": 720,
    "type": "amphibious"
  },
  "physics": {
    "allow_pushing": true,
    "push_class": 2,
    "radius": 2
  },
  "recon": {
    "observer": {
      "items": [
        {
          "channel": "sight",
          "layer": "surface_and_air",
          "radius": 100,
          "shape": "capsule"
        }
      ]
    }
  },
  "tools": [
    {
      "aim_bone": "bone_root",
      "spec_id": "/pa/units/land/fabrication_bot_combat/fabrication_bot_combat_build_arm.json"
    }
  ],
  "transportable": {
    "size": 1
  },
  "unit_types": [
    "UNITTYPE_Fabber",
    "UNITTYPE_Construction",
    "UNITTYPE_Bot",
    "UNITTYPE_Mobile",
    "UNITTYPE_Land",
    "UNITTYPE_Basic",
    "UNITTYPE_FactoryBuild",
    "UNITTYPE_Custom3"
  ]
}