{"display_name":"Land Mine","description":"Land Mine: Detonates when enemy combat units get too close","display_group":50,"display_index":40,"max_health":5,"build_metal_cost":20,"wreckage_health_frac":0.0,"spawn_layers":"WL_LandHorizontal","area_build_type":"Rect","area_build_separation":1.0,"unit_types":["UNITTYPE_Basic","UNITTYPE_Land","UNITTYPE_Defense","UNITTYPE_CombatFabBuild","UNITTYPE_CombatFabAdvBuild"],"physics":{"type":"Structure","radius":0.25,"push_class":0,"air_friction":1.0,"allow_pushing":false,"ignore_collisions":true},"recon":{"observable":{"layer":"surface_and_air","ignore_sight":true},"observer":{"items":[{"layer":"surface_and_air","channel":"radar","shape":"sphere","radius":2}]}},"tools":[{"spec_id":"/pa/units/land/land_mine/land_mine_tool_weapon.json","aim_bone":"bone_root","muzzle_bone":"bone_root"}],"model":[{"layer":"WL_LandHorizontal","filename":"/pa/units/land/land_mine/land_mine.papa"}],"events":{"build_complete":{"audio_cue":"/SE/Build_Complete/barrier"},"died":{"audio_cue":"/SE/Death/barrier","effect_spec":"/pa/effects/specs/default_proj_explosion.pfx"}},"mesh_bounds":[4.0,4.0,1.0],"TEMP_texelinfo":2.37699}