{"base_spec":"/pa/tools/base_bomb_bay/base_bomb_bay.json","ammo_id":"/pa/units/air/bomber_adv/bomber_adv_ammo.json","ammo_source":"energy","rate_of_fire":10,"ammo_capacity":10000,"ammo_demand":1000,"ammo_per_shot":1000,"max_range":35,"yaw_rate":3600,"pitch_rate":3600,"yaw_range":180,"pitch_range":180,"auto_attack":true,"spread_fire":false,"carpet_fire":true,"firing_standard_deviation":30,"target_layers":["WL_LandHorizontal","WL_WaterSurface","WL_Seafloor"],"events":{"died":{"audio_cue":"/SE/Impacts/shell_artillery","effect_spec":"/pa/effects/specs/default_proj_area_explosion.pfx"}}}