{
  "TEMP_texelinfo": 71.9104,
  "area_build_type": "Line",
  "audio": {
    "loops": {
      "enabled": {
        "cue": "/SE/Buildings/teleporter_loop",
        "flag": "enable_changed",
        "should_start_func": "is_enabled",
        "should_stop_func": "is_disabled"
      }
    }
  },
  "base_spec": "/pa/units/land/base_structure/base_structure.json",
  "build_metal_cost": 2000,
  "command_caps": [
    "ORDER_Move",
    "ORDER_Patrol",
    "ORDER_Reclaim",
    "ORDER_Repair",
    "ORDER_Attack",
    "ORDER_Assist",
    "ORDER_Use"
  ],
  "description": "Teleporter: Analysis: Teleporter: Teleports units from one to another.",
  "display_group": 50,
  "display_index": 60,
  "display_name": "Teleporter",
  "energy_efficiency_requirement": 1.0,
  "events": {
    "build_complete": {
      "audio_cue": "/SE/Build_Complete/energy"
    },
    "died": {
      "audio_cue": "/SE/Death/Factory",
      "effect_scale": 1.5
    },
    "disabled": {
      "audio_cue": "/SE/Buildings/teleporter_disabled",
      "effect_spec": "/pa/units/land/teleporter/teleporter_power_down.pfx bone_innerRingMaster"
    },
    "enabled": {
      "audio_cue": "/SE/Buildings/teleporter_enabled",
      "effect_spec": "/pa/units/land/teleporter/teleporter_power_on.pfx bone_innerRingMaster"
    }
  },
  "fx_offsets": [
    {
      "bone": "bone_innerRingMaster",
      "filename": "/pa/units/land/teleporter/teleporter_event_horizon.pfx",
      "offset": [
        0,
        0,
        0
      ],
      "orientation": [
        0,
        0,
        0
      ],
      "type": "enabled"
    },
    {
      "bone": "bone_innerRing01",
      "filename": "/pa/units/land/teleporter/teleporter_brace_glow.pfx",
      "offset": [
        0,
        0,
        0
      ],
      "orientation": [
        0,
        0,
        0
      ],
      "type": "enabled"
    },
    {
      "bone": "bone_innerRing02",
      "filename": "/pa/units/land/teleporter/teleporter_brace_glow.pfx",
      "offset": [
        0,
        0,
        0
      ],
      "orientation": [
        0,
        0,
        0
      ],
      "type": "enabled"
    },
    {
      "bone": "bone_innerRing03",
      "filename": "/pa/units/land/teleporter/teleporter_brace_glow.pfx",
      "offset": [
        0,
        0,
        0
      ],
      "orientation": [
        0,
        0,
        0
      ],
      "type": "enabled"
    },
    {
      "bone": "bone_innerRing04",
      "filename": "/pa/units/land/teleporter/teleporter_brace_glow.pfx",
      "offset": [
        0,
        0,
        0
      ],
      "orientation": [
        0,
        0,
        0
      ],
      "type": "enabled"
    }
  ],
  "max_health": 9750,
  "mesh_bounds": [
    46,
    30,
    30
  ],
  "model": {
    "animations": {
      "end": "/pa/units/land/teleporter/teleporter_anim_end.papa",
      "loop": "/pa/units/land/teleporter/teleporter_anim_loop.papa",
      "start": "/pa/units/land/teleporter/teleporter_anim_start.papa"
    },
    "animtree": "/pa/anim/anim_trees/powered_loop_anim_tree.json",
    "filename": "/pa/units/land/teleporter/teleporter.papa",
    "skirt_decal": "/pa/effects/specs/skirt_teleporter.json"
  },
  "orders": {
    "handler_type": "inert"
  },
  "placement_size": [
    50,
    60
  ],
  "recon": {
    "observer": {
      "items": [
        {
          "channel": "sight",
          "layer": "surface_and_air",
          "radius": 100,
          "shape": "capsule"
        }
      ]
    }
  },
  "spawn_layers": "WL_LandHorizontal",
  "teleporter": {
    "energy_demand": 10000
  },
  "unit_name": "Teleporter",
  "unit_types": [
    "UNITTYPE_Structure",
    "UNITTYPE_Teleporter",
    "UNITTYPE_CmdBuild",
    "UNITTYPE_FabBuild",
    "UNITTYPE_Recon",
    "UNITTYPE_FabBuild",
    "UNITTYPE_FabAdvBuild",
    "UNITTYPE_CombatFabAdvBuild",
    "UNITTYPE_FabOrbBuild"
  ],
  "useable": {
    "range": 30,
    "type": "teleporter"
  }
}
