{
  "TEMP_texelinfo": 9.09853,
  "area_build_separation": 18,
  "atrophy_cool_down": 30.0,
  "atrophy_rate": 20.0,
  "base_spec": "/pa/units/land/base_structure/base_structure.json",
  "build_metal_cost": 400,
  "command_caps": [
    "ORDER_Attack"
  ],
  "description": "Flak Cannon: Large AoE anti-air defense turret.",
  "display_group": 50,
  "display_index": 85,
  "display_name": "Flak Cannon",
  "events": {
    "build_complete": {
      "audio_cue": "/SE/Build_Complete/structure_small"
    },
    "died": {
      "audio_cue": "/SE/Death/structure_small",
      "effect_scale": 0.3
    },
    "firing": {
      "audio_cue": "/SE/Weapons/structure/air_defense_flak_fire",
      "effect_spec": "/pa/effects/specs/default_muzzle_flash.pfx socket_rightMuzzle01 /pa/effects/specs/default_muzzle_flash.pfx socket_leftMuzzle01"
    }
  },
  "guard_layer": "WL_Air",
  "guard_radius": 120,
  "max_health": 2000,
  "mesh_bounds": [
    5,
    5,
    10.7778
  ],
  "model": [
    {
      "animtree": "/pa/anim/anim_trees/air_defense_adv.json",
      "filename": "/pa/units/land/air_defense_adv/air_defense_adv.papa",
      "layer": "WL_LandHorizontal",
      "skirt_decal": "/pa/effects/specs/skirt_air_defense_adv.json"
    },
    {
      "animtree": "/pa/anim/anim_trees/fabrication_turret.json",
      "filename": "/pa/units/sea/air_defense_adv/air_defense_adv.papa",
      "layer": "WL_WaterSurface"
    }
  ],
  "nearby_target_tick_update_interval": 3,
  "recon": {
    "observer": {
      "items": [
        {
          "channel": "sight",
          "layer": "surface_and_air",
          "radius": 120,
          "shape": "capsule"
        }
      ]
    }
  },
  "spawn_layers": "WL_AnyHorizontalGroundOrWaterSurface",
  "tools": [
    {
      "aim_bone": "bone_pitch",
      "muzzle_bone": [
        "socket_rightMuzzle01",
        "socket_leftMuzzle01",
        "socket_rightMuzzle02",
        "socket_leftMuzzle02"
      ],
      "spec_id": "/pa/units/land/air_defense_adv/air_defense_adv_tool_weapon.json"
    }
  ],
  "unit_types": [
    "UNITTYPE_Structure",
    "UNITTYPE_Advanced",
    "UNITTYPE_Land",
    "UNITTYPE_AirDefense",
    "UNITTYPE_Defense",
    "UNITTYPE_FabAdvBuild"
  ]
}
