{
  "TEMP_texelinfo": 5.32966,
  "attachable": {
    "offsets": {
      "head": [
        0,
        0,
        7.4
      ],
      "root": [
        0,
        0,
        0
      ]
    }
  },
  "audio": {
    "loops": {
      "move": {
        "cue": "/SE/Movement/bot/sniper_loop",
        "flag": "vel_changed",
        "should_start_func": "is_moving",
        "should_stop_func": "is_not_moving"
      }
    }
  },
  "base_spec": "/pa/units/land/base_bot/base_bot.json",
  "build_metal_cost": 1440,
  "description": "Sniper Bot: Long range, anti-land, and anti-ship bot",
  "display_group": 60,
  "display_index": 100,
  "display_name": "Gil-E",
  "events": {
    "build_complete": {
      "audio_cue": "/SE/Build_Complete/bot"
    },
    "died": {
      "audio_cue": "/SE/Death/Bot",
      "effect_scale": 0.8,
      "effect_spec": "/pa/effects/specs/default_explosion.pfx"
    },
    "firing": {
      "audio_cue": "/SE/Weapons/bot/sniper_fire",
      "effect_spec": "/pa/effects/specs/tank_muzzle_flash.pfx socket_muzzle"
    }
  },
  "guard_layer": "WL_AnySurface",
  "guard_radius": 140,
  "max_health": 400,
  "mesh_bounds": [
    6.5,
    6.5,
    7.5
  ],
  "model": {
    "animations": {
      "aimDown": "/pa/units/land/bot_sniper/bot_sniper_anim_aimDown.papa",
      "aimUp": "/pa/units/land/bot_sniper/bot_sniper_anim_aimUp.papa",
      "death": "/pa/units/land/bot_sniper/bot_sniper_anim_death.papa",
      "idle": "/pa/units/land/bot_sniper/bot_sniper_anim_idle.papa",
      "walk": "/pa/units/land/bot_sniper/bot_sniper_anim_walk.papa"
    },
    "animtree": "/pa/anim/anim_trees/bot_sniper.json",
    "filename": "/pa/units/land/bot_sniper/bot_sniper.papa",
    "walk_speed": 12
  },
  "navigation": {
    "acceleration": 120,
    "brake": 120,
    "group_preference": "back",
    "move_speed": 12,
    "turn_speed": 720,
    "type": "land-small"
  },
  "nearby_target_tick_update_interval": 15,
  "physics": {
    "push_class": 2,
    "radius": 3.5
  },
  "recon": {
    "observer": {
      "items": [
        {
          "channel": "sight",
          "layer": "surface_and_air",
          "radius": 100,
          "shape": "capsule"
        }
      ]
    }
  },
  "tools": [
    {
      "aim_bone": "bone_turret",
      "muzzle_bone": "socket_muzzle",
      "spec_id": "/pa/units/land/bot_sniper/bot_sniper_tool_weapon.json"
    }
  ],
  "transportable": {
    "size": 1
  },
  "unit_types": [
    "UNITTYPE_Bot",
    "UNITTYPE_Mobile",
    "UNITTYPE_Land",
    "UNITTYPE_Artillery",
    "UNITTYPE_Advanced",
    "UNITTYPE_FactoryBuild"
  ]
}