{
  "ammo_capacity": 800,
  "ammo_demand": 50,
  "ammo_id": [
    {
      "id": "/pa/units/land/amphibious_bot/amphibious_bot_ammo.json",
      "layer": "WL_AnyLand"
    }
  ],
  "ammo_per_shot": 100,
  "ammo_source": "energy",
  "arc_type": "High",
  "auto_attack": true,
  "base_spec": "/pa/tools/base_artillery_turret_unit/base_artillery_turret_unit.json",
  "firing_standard_deviation": 4,
  "idle_aim_delay": 10,
  "max_range": 130,
  "pitch_range": 90,
  "pitch_rate": 30,
  "rate_of_fire": 3,
  "spread_fire": true,
  "target_layers": [
    "WL_LandHorizontal",
    "WL_Seafloor",
    "WL_WaterSurface"
  ],
  "yaw_range": 180,
  "yaw_rate": 30
}