{"base_spec":"/pa/units/commanders/raptor_base/raptor_base.json","display_name":"Betadyne Commander","description":"Raptor Betadyne Commander.","attachable":{"offsets":{"root":[0,0,0],"head":[0,-0.5,10.6]}},"model":{"filename":"/pa/units/commanders/raptor_betadyne/raptor_betadyne.papa"},"headlights":[{"gobo":"/pa/effects/textures/gobo/spotlight_gobo.papa","offset":[0,-2.149,1.488],"orientation":[0.0,45.0,0.0],"near_width":5.0,"near_height":5.0,"near_distance":3.0,"far_distance":30.0,"color":[1.0,1.0,1.0],"intensity":6.0,"bone":"bone_spine","shadow_resolution":128}],"lamps":[{"offset":[0,-2.275,3.636],"radius":2.0,"color":[1.0,1.0,1.0],"intensity":5.0,"bone":"bone_spine"},{"offset":[0.4,3.46,-1.1],"radius":4.0,"color":[0.4,1.0,0.01],"intensity":2.0,"bone":"bone_leftShoulder"}]}