{
  "TEMP_texelinfo": 1.0,
  "armor_type": "AT_Structure",
  "build_metal_cost": 1,
  "death": {
    "decals": [
      "/pa/effects/specs/scorch_b_01.json"
    ]
  },
  "description": "Base Structure Description - If you're seeing this, something is wrong in your structure.",
  "display_group": 99,
  "display_index": 99,
  "display_name": "Base Structure",
  "events": {
    "build_complete": {
      "audio_cue": "/SE/Build_Complete/factory"
    },
    "died": {
      "audio_cue": "/SE/Death/Factory",
      "effect_spec": "/pa/effects/specs/default_building_explosion.pfx"
    },
    "fired": {
      "audio_cue": "/SE/Weapons/base/base_fire_laser"
    }
  },
  "max_health": 1,
  "physics": {
    "air_friction": 1.0,
    "allow_pushing": false,
    "allow_underground": false,
    "collision_layers": "WL_AnyHorizontalGroundOrWaterSurface",
    "ignore_collisions": false,
    "push_class": 255,
    "push_sideways": false,
    "radius": 1,
    "shape": "Box",
    "type": "Structure"
  },
  "recon": {
    "observable": {
      "layer": "surface_and_air",
      "show_ghost": true
    },
    "observer": {
      "items": [
        {
          "channel": "sight",
          "layer": "surface_and_air",
          "radius": 100,
          "shape": "capsule"
        }
      ]
    }
  },
  "spawn_layers": "WL_LandHorizontal",
  "unit_types": [
    "UNITTYPE_Structure",
    "UNITTYPE_NoBuild"
  ],
  "wreckage_health_frac": 1.0
}