{
    "ammo_capacity": 2,
    "ammo_demand": 2,
    "ammo_per_shot": 2,
    "ammo_source": "energy",
    "ammo_id": "/pa/units/land/assault_bot_adv/assault_bot_adv_ammo.json",
    "auto_attack": true,
    "base_spec": "/pa/tools/base_bot_weapon/base_bot_weapon.json",
    "firing_standard_deviation": 3,
    "idle_aim_delay": 0,
    "max_range": 80,
    "pitch_range": 40,
    "pitch_rate": 360,
    "rate_of_fire": 0.5,
    "spread_fire": true,
    "target_layers": [
        "WL_LandHorizontal",
        "WL_Seafloor",
        "WL_WaterSurface"
    ],
    "yaw_range": 180,
    "yaw_rate": 360
}