{
  "TEMP_texelinfo": 7.58193,
  "area_build_separation": 0.5,
  "atrophy_cool_down": 1.0,
  "atrophy_rate": 3000.0,
  "base_spec": "/pa/units/land/base_structure/base_structure.json",
  "build_metal_cost": 25,
  "description": "Wall Defense: No weapon, high health",
  "display_group": 20,
  "display_index": 30,
  "display_name": "Wall",
  "events": {
    "build_complete": {
      "audio_cue": "/SE/Build_Complete/barrier"
    },
    "died": {
      "audio_cue": "/SE/Death/barrier",
      "effect_scale": 0.4
    }
  },
  "max_health": 5000,
  "mesh_bounds": [
    5,
    5,
    10
  ],
  "model": [
    {
      "filename": "/pa/units/land/land_barrier/land_barrier.papa",
      "layer": "WL_LandHorizontal"
    },
    {
      "filename": "/pa/units/sea/sea_barrier/sea_barrier.papa",
      "layer": "WL_WaterSurface"
    }
  ],
  "physics": {
    "air_friction": 1.0,
    "allow_pushing": false,
    "allow_underground": false,
    "collision_layers": "WL_AnyHorizontalGroundOrWaterSurface",
    "ignore_collisions": false,
    "push_class": 255,
    "push_sideways": false,
    "radius": 1,
    "shape": "Box",
    "type": "Structure"
  },
  "placement_size": [
    4,
    4
  ],
  "recon": {
    "observer": {
      "items": [
        {
          "channel": "sight",
          "layer": "surface_and_air",
          "radius": 1,
          "shape": "capsule"
        }
      ]
    }
  },
  "spawn_layers": "WL_AnyHorizontalGroundOrWaterSurface",
  "unit_types": [
    "UNITTYPE_Structure",
    "UNITTYPE_Basic",
    "UNITTYPE_Wall",
    "UNITTYPE_FabBuild",
    "UNITTYPE_FabAdvBuild",
    "UNITTYPE_CmdBuild"
  ],
  "wreckage_health_frac": 0.0
}