{
  "ammo_capacity": 10,
  "ammo_demand": 10,
  "ammo_id": "/pa/units/land/bot_grenadier/bot_grenadier_ammo.json",
  "ammo_per_shot": 1,
  "ammo_source": "energy",
  "auto_attack": true,
  "base_spec": "/pa/tools/base_bot_weapon/base_bot_weapon.json",
  "firing_standard_deviation": 1.5,
  "idle_aim_delay": 1.0,
  "max_range": 95,
  "pitch_range": 40,
  "pitch_rate": 360,
  "rate_of_fire": 10,
  "target_layers": [
    "WL_Air",
    "WL_LandHorizontal",
    "WL_Seafloor",
    "WL_WaterSurface"
  ],
  "yaw_range": 180,
  "yaw_rate": 360
}
