{"base_spec":"/pa/units/orbital/base_orbital/base_orbital.json","display_name":"Mining Platform","description":"Mining Platform: Extract metal from asteroid fields, metal planets.","max_health":3750,"build_metal_cost":19500,"production":{"metal":75},"unit_types":["UNITTYPE_Mobile","UNITTYPE_Orbital","UNITTYPE_EnergyProduction","UNITTYPE_Economy","UNITTYPE_Advanced"],"command_caps":["ORDER_Move","ORDER_Patrol","ORDER_Assist"],"navigation":{"type":"orbital","acceleration":1,"brake":100,"move_speed":10,"turn_speed":90,"dodge_radius":10,"dodge_multiplier":1.0,"wobble_factor":0.001,"wobble_speed":0.1,"hover_time":-1.0},"physics":{"radius":10,"push_class":15,"gravity_scalar":0.001},"recon":{"observer":{"items":[{"layer":"orbital","channel":"sight","shape":"sphere","radius":250}]}},"model":{"filename":"/pa/units/orbital/radar_satellite/radar_satellite.papa"},"events":{"build_complete":{"audio_cue":"/SE/Build_Complete/air"},"firing":{"audio_cue":"/SE/Weapons/air/bomber_fire"},"died":{"audio_cue":"/SE/Death/Air","effect_spec":"/pa/effects/specs/default_explosion.pfx"}},"TEMP_texelinfo":5.39039}