{
  "ammo_type": "Projectile",
  "audio_loop": "/SE/Movement/missile/nuke_missile_fly_loop",
  "build_metal_cost": 12000,
  "burn_damage": 200,
  "burn_radius": 137,
  "collision_check": "ground",
  "cruise_height": 100,
  "damage": 1500,
  "damage_volume": {
    "burnable_remove_radius": 100.0,
    "delay": 1.0,
    "initial_radius": 20.0,
    "radius_accel": 100.0,
    "radius_velocity": 50.0
  },
  "description": "Tactical missile - Long range, medium area damage, projectile. Strong vs armies.",
  "display_name": "IPBM-13 -Silencer- Missile",
  "enable_orbital_shell": true,
  "events": {
    "collided": {
      "audio_cue": "/SE/Impacts/missile_seeking",
      "effect_spec": "/pa/units/air/missile_nuke/missile_nuke_implosion.pfx",
      "effect_world_aligned": false
    }
  },
  "flight_type": "Staged",
  "full_damage_splash_radius": 125,
  "fx_trail": {
    "filename": "/pa/units/air/missile_nuke/missile_nuke_trail.pfx",
    "offset": [
      0.0,
      12.0,
      0.0
    ]
  },
  "gravwell_velocity_multiplier": 20.0,
  "impact_decals": [
    "/pa/effects/specs/nuke_scorch_01.json"
  ],
  "initial_velocity": 40.0,
  "interplanetary_type": "INTER_System",
  "lifetime": 0,
  "max_velocity": 75.0,
  "model": {
    "filename": "/pa/units/air/missile_nuke_interplanetary/missile_nuke_interplanetary.papa"
  },
  "network_critical": true,
  "physics": {
    "add_to_spatial_db": true,
    "allow_underground": true,
    "gravity_scalar": 3,
    "ignore_gravity": true,
    "push_class": 1,
    "radius": 10
  },
  "show_in_orbital_layer": true,
  "show_strategic_icon": true,
  "sim_impact_effect": "/pa/units/land/nuke_launcher/nuke_launcher_ammo_explosion_ent.json",
  "spawn_layers": "WL_Air",
  "splash_damage": 1500,
  "splash_damages_allies": true,
  "splash_radius": 100,
  "stages": [
    {
      "ignores_LOS": true,
      "ignores_gravity": true,
      "rotates_to_velocity": true,
      "stage_duration": 600,
      "stage_turn_rate": 0
    },
    {
      "ignores_LOS": true,
      "ignores_gravity": true,
      "rotates_to_velocity": true,
      "stage_change_range": 75,
      "stage_duration": 0,
      "stage_turn_rate": 90
    },
    {
      "ignores_LOS": false,
      "ignores_gravity": false,
      "rotates_to_velocity": true,
      "stage_duration": 5000,
      "stage_turn_rate": 360
    },
    {
      "ignores_LOS": false,
      "ignores_gravity": false,
      "rotates_to_velocity": true,
      "stage_duration": 5000,
      "stage_turn_rate": 1080
    }
  ],
  "system_velocity_multiplier": 20.0,
  "turn_rate": 180,
  "unit_types": [
    "UNITTYPE_Mobile",
    "UNITTYPE_Orbital"
  ]
}
