{
  "TEMP_texelinfo": 7.25927,
  "atrophy_cool_down": 30.0,
  "atrophy_rate": 10.0,
  "base_spec": "/pa/units/land/base_structure/base_structure.json",
  "build_metal_cost": 200,
  "consumption": {
    "energy": 675
  },
  "description": "Radar Tower: Analysis: Radar: Detects nearby enemy land, sea, and air units in a medium radius.",
  "display_group": 50,
  "display_index": 95,
  "display_name": "Radar Tower",
  "energy_efficiency_requirement": 0.9,
  "events": {
    "build_complete": {
      "audio_cue": "/SE/Build_Complete/radar"
    },
    "died": {
      "audio_cue": "/SE/Death/radar",
      "effect_scale": 0.3
    }
  },
  "lamps": [
    {
      "color": [
        1.0,
        1.0,
        1.0
      ],
      "intensity": 2.0,
      "offset": [
        0.0,
        3.68,
        5.53
      ],
      "radius": 3.0
    }
  ],
  "max_health": 1000,
  "mesh_bounds": [
    8.58559,
    7.71255,
    14.6193
  ],
  "model": [
    {
      "animations": {
        "end": "/pa/units/land/radar/radar_anim_end.papa",
        "loop": "/pa/units/land/radar/radar_anim_loop.papa",
        "start": "/pa/units/land/radar/radar_anim_start.papa"
      },
      "animtree": "/pa/anim/anim_trees/powered_loop_anim_tree.json",
      "filename": "/pa/units/land/radar/radar.papa",
      "layer": "WL_LandHorizontal",
      "skirt_decal": "/pa/effects/specs/skirt_radar.json"
    },
    {
      "animations": {
        "end": "/pa/units/land/radar/radar_anim_end.papa",
        "loop": "/pa/units/land/radar/radar_anim_loop.papa",
        "start": "/pa/units/land/radar/radar_anim_start.papa"
      },
      "animtree": "/pa/anim/anim_trees/powered_loop_anim_tree.json",
      "filename": "/pa/units/sea/radar/radar.papa",
      "layer": "WL_WaterSurface"
    }
  ],
  "physics": {
    "collision_layers": "WL_AnySurface"
  },
  "recon": {
    "observer": {
      "items": [
        {
          "channel": "sight",
          "layer": "surface_and_air",
          "radius": 100,
          "shape": "capsule",
          "uses_energy": true
        },
        {
          "channel": "radar",
          "layer": "surface_and_air",
          "radius": 450,
          "shape": "capsule",
          "uses_energy": true
        },
        {
          "channel": "sight",
          "layer": "orbital",
          "radius": 150,
          "shape": "capsule",
          "uses_energy": true
        },
        {
          "channel": "radar",
          "layer": "orbital",
          "radius": 300,
          "shape": "capsule",
          "uses_energy": true
        }
      ]
    }
  },
  "spawn_layers": "WL_AnySurface",
  "unit_types": [
    "UNITTYPE_Land",
    "UNITTYPE_Structure",
    "UNITTYPE_Basic",
    "UNITTYPE_FabBuild",
    "UNITTYPE_Recon"
  ]
}
