{
  "TEMP_texelinfo": 4.24257,
  "audio": {
    "loops": {
      "move": {
        "cue": "/SE/Movement/sea/sea_scout_ship_loop",
        "flag": "vel_changed",
        "should_start_func": "is_moving",
        "should_stop_func": "is_not_moving"
      }
    }
  },
  "base_spec": "/pa/units/sea/base_ship/base_ship.json",
  "build_metal_cost": 150,
  "description": "!LOC(units:scout_light_weaponry_fast_speed.message):Gunboat- Light weaponry, fast speed",
  "display_name": "!LOC(units:piranha.message):Piranha",
  "events": {
    "build_complete": {
      "audio_cue": "/SE/Build_Complete/sea"
    },
    "died": {
      "audio_cue": "/SE/Death/Sea",
      "effect_scale": 1.25,
      "effect_spec": "/pa/effects/specs/default_explosion.pfx"
    },
    "fired": {
      "audio_cue": "/SE/Weapons/sea/sea_scout_fire"
    }
  },
  "max_health": 350,
  "mesh_bounds": [
    4,
    11,
    4
  ],
  "model": {
    "animtree": "/pa/anim/anim_trees/turret_anim_tree.json",
    "filename": "/pa/units/sea/sea_scout/sea_scout.papa"
  },
  "navigation": {
    "acceleration": 5,
    "brake": 12,
    "move_speed": 25,
    "turn_in_place": false,
    "turn_speed": 60,
    "type": "deepwater"
  },
  "physics": {
    "push_class": 2,
    "radius": 6
  },
  "recon": {
    "observer": {
      "items": [
        {
          "channel": "sight",
          "layer": "surface_and_air",
          "radius": 150,
          "shape": "capsule"
        }
      ]
    }
  },
  "spawn_layers": "WL_WaterSurface",
  "tools": [
    {
      "aim_bone": "bone_turret",
      "muzzle_bone": "socket_muzzle",
      "spec_id": "/pa/units/sea/sea_scout/sea_scout_tool_weapon.json"
    }
  ],
  "unit_types": [
    "UNITTYPE_Naval",
    "UNITTYPE_Scout",
    "UNITTYPE_Mobile",
    "UNITTYPE_Offense",
    "UNITTYPE_Basic",
    "UNITTYPE_FactoryBuild"
  ]
}