{"base_spec":"/pa/units/sea/base_ship/base_ship.json","display_name":"Fabrication Ship","description":"Fabricator: Builds naval structures","display_group":100,"display_index":80,"max_health":50,"build_metal_cost":200,"spawn_layers":"WL_WaterSurface","mesh_bounds":[5,8,5],"attachable":{"offsets":{"root":[0,0,0],"head":[0,0,4]}},"buildable_types":"Naval & Structure & Basic | Naval & Factory & Advanced | Air & Factory & Basic | FabBuild","unit_types":["UNITTYPE_Fabber","UNITTYPE_Construction","UNITTYPE_Naval","UNITTYPE_Mobile","UNITTYPE_Basic","UNITTYPE_FactoryBuild"],"command_caps":["ORDER_Move","ORDER_Patrol","ORDER_Build","ORDER_Reclaim","ORDER_Repair","ORDER_Assist"],"navigation":{"type":"water","acceleration":3,"brake":7,"move_speed":10,"turn_speed":40},"physics":{"radius":6,"shape":"box","push_class":2,"allow_pushing":true},"transportable":{"size":1},"recon":{"observer":{"items":[{"layer":"surface_and_air","channel":"sight","shape":"capsule","radius":100}]}},"model":{"filename":"/pa/units/sea/fabrication_ship/fabrication_ship.papa","animtree":"/pa/anim/anim_trees/fabrication_turret.json"},"tools":[{"spec_id":"/pa/units/sea/fabrication_ship/fabrication_ship_build_arm.json","aim_bone":"bone_root"}],"events":{"build_complete":{"audio_cue":"/SE/Build_Complete/fab"},"died":{"audio_cue":"/SE/Death/Sea"}},"audio":{"loops":{"build":{"cue":"/SE/Construction/Fab_contruction_beam_loop","flag":"build_target_changed","should_start_func":"has_build_target","should_stop_func":"no_build_target"},"move":{"cue":"/SE/Movement/sea/Fab_ship_loop","flag":"vel_changed","should_start_func":"is_moving","should_stop_func":"is_not_moving"}}},"fx_offsets":[{"type":"build","filename":"/pa/effects/specs/fab_spray.pfx","bone":"bone_pitch","offset":[0.585,-2.948,-0.236],"orientation":[0,0,0]},{"type":"build","filename":"/pa/effects/specs/fab_spray.pfx","bone":"bone_pitch","offset":[-0.585,-2.948,-0.236],"orientation":[0,0,0]}],"TEMP_texelinfo":7.50603}