{
    "enabled" : true,
    "context" : "server",
    "identifier" : "com.squishypon3.balancedannihilation",
    "display_name" : "Statera",
    "description" : "A balance mod with the goal of increasing unit diversity and making T2 units comparable to T1 in power.",
    "author" : "SquishyPon3, TheTrophySystem, Zombiefan564, Stuart98, ZX0",
    "version" : "1.2",
    "priority": 100,
    "signature" : "(not yet implemented)",
    "category": [
        "Units",
        "Balance"
    ],
    "date": "2014/10/25",
    "build": "73939"
}
