{
  "TEMP_texelinfo": 10.6806,
  "attachable": {
    "offsets": {
      "root": [
        0,
        0,
        0
      ]
    }
  },
  "base_spec": "/pa/units/orbital/base_orbital/base_orbital.json",
  "build_metal_cost": 1200,
  "command_caps": [
    "ORDER_Move",
    "ORDER_Patrol",
    "ORDER_Assist"
  ],
  "consumption": {
    "energy": 1250
  },
  "description": "Radar Satellite: Detects a large area for enemy land, sea, and air units",
  "display_name": "ARKYD",
  "energy_efficiency_requirement": 0.9,
  "events": {
    "build_complete": {
      "audio_cue": "/SE/Build_Complete/radar"
    },
    "died": {
      "audio_cue": "/SE/Death/radar",
      "effect_spec": "/pa/effects/specs/default_explosion.pfx"
    },
    "firing": {
      "audio_cue": "/SE/Weapons/air/bomber_fire"
    }
  },
  "gravwell_velocity_multiplier": 6.0,
  "max_health": 2000,
  "mesh_bounds": [
    20,
    20,
    15
  ],
  "model": {
    "animations": {
      "closed": "/pa/units/orbital/radar_satellite/radar_satellite_anim_closed.papa",
      "deploy": "/pa/units/orbital/radar_satellite/radar_satellite_anim_deploy.papa",
      "open": "/pa/units/orbital/radar_satellite/radar_satellite_anim_open.papa"
    },
    "animtree": "/pa/anim/anim_trees/satellite_launched.json",
    "filename": "/pa/units/orbital/radar_satellite/radar_satellite.papa"
  },
  "navigation": {
    "acceleration": 5,
    "brake": 5,
    "hover_time": -1.0,
    "move_speed": 60,
    "turn_speed": 30,
    "type": "orbital"
  },
  "physics": {
    "gravity_scalar": 0.001,
    "push_class": 50,
    "radius": 5
  },
  "recon": {
    "observer": {
      "items": [
        {
          "channel": "radar",
          "layer": "surface_and_air",
          "radius": 600,
          "shape": "capsule",
          "uses_energy": true
        },
        {
          "channel": "sight",
          "layer": "surface_and_air",
          "radius": 150,
          "shape": "capsule",
          "uses_energy": true
        },
        {
          "channel": "radar",
          "layer": "orbital",
          "radius": 600,
          "shape": "capsule",
          "uses_energy": true
        },
        {
          "channel": "sight",
          "layer": "orbital",
          "radius": 100,
          "shape": "capsule",
          "uses_energy": true
        }
      ]
    }
  },
  "system_velocity_multiplier": 6.0,
  "unit_types": [
    "UNITTYPE_Mobile",
    "UNITTYPE_Orbital",
    "UNITTYPE_Basic",
    "UNITTYPE_Recon",
    "UNITTYPE_FactoryBuild"
  ]
}
