{
  "build_list": [
    {
      "build_conditions": [
        [
          {
            "compare0": ">=",
            "test_type": "UnitPoolCount",
            "unit_type_string0": "Structure & Nuke",
            "value0": 1
          }
        ]
      ],
      "instance_count": -1,
      "name": "Nuke Silo Platoon",
      "priority": 100,
      "task_type": "Nuke",
      "to_build": "Nukes"
    },
    {
      "build_conditions": [
        [
          {
            "compare0": ">=",
            "test_type": "UnitPoolCount",
            "unit_type_string0": "Structure & (Artillery | Tactical)",
            "value0": 1
          }
        ]
      ],
      "instance_count": -1,
      "name": "Artillery Platoon",
      "priority": 100,
      "task_type": "Artillery",
      "to_build": "Artillery"
    }
  ]
}